session_id,timestamp,principal_id,identity_type,event_type,role_name,session_duration_minutes,federated,source_ip,namespace,privilege_level,correlation_id
sess-6a516e9979694529,2024-06-30T17:13:13Z,arn:aws:iam::123456789012:role/ci-runner-2,OIDCFederated,ServiceAccountTokenCreated,debug-role,243,True,200.5.250.149,monitoring,high,corr-06226fbeda4c48fb
sess-a550749185004af3,2024-06-24T15:59:10Z,arn:aws:iam::123456789012:user/dev-9,OIDCFederated,AssumeRole,cross-account-role,239,True,183.109.194.229,dev,low,corr-56234cf2c42c44d8
sess-e6b24e618e244dc1,2024-06-11T14:06:54Z,arn:aws:iam::123456789012:role/ci-runner-6,IAMUser,FederationLogin,cross-account-role,28,False,62.198.68.145,analytics,low,corr-669db4713eae4280
sess-a4724ba9e9474c96,2024-06-18T02:35:23Z,arn:aws:sts::123456789012:assumed-role/analytics-role/session-1,AssumedRole,FederationLogin,s3-admin-role,115,False,158.113.100.16,analytics,high,corr-3356fce1473d4a82
sess-86c1a4e7503a4cff,2024-06-15T17:15:43Z,arn:aws:iam::123456789012:role/ci-runner-1,ServiceAccount,AssumeRole,ci-runner-role,352,False,174.134.160.150,staging,high,corr-f5bcb47abb8041fb
sess-505731b8e3e744d8,2024-06-27T14:39:34Z,arn:aws:sts::123456789012:assumed-role/analytics-role/session-5,AssumedRole,AssumeRole,cross-account-role,478,False,98.232.195.119,production,medium,corr-c70202301cab4a1f
sess-622a0493494146e1,2024-06-21T16:42:54Z,arn:aws:sts::123456789012:assumed-role/analytics-role/session-4,LambdaExecutionRole,ServiceAccountTokenCreated,s3-admin-role,214,False,169.28.166.215,dev,low,corr-9e1ecee4bc884990
sess-e520dd76c6af478e,2024-06-27T13:57:54Z,arn:aws:iam::123456789012:user/dev-2,LambdaExecutionRole,FederationLogin,deploy-role,196,False,16.13.144.237,monitoring,low,corr-5072502bd8ad425b
sess-45c878fc11d94de9,2024-06-15T12:37:36Z,arn:aws:iam::123456789012:user/dev-6,AssumedRole,AssumeRole,cross-account-role,26,False,198.175.145.168,analytics,low,corr-3b9339a9257f4b08
sess-ca378202517f457a,2024-06-16T14:42:50Z,arn:aws:iam::123456789012:user/dev-2,LambdaExecutionRole,TokenIssued,s3-admin-role,85,False,107.42.167.36,staging,low,corr-f580f534d4a5408a
sess-e679474fffb94c4b,2024-06-20T13:26:13Z,arn:aws:iam::123456789012:user/dev-9,ServiceAccount,ServiceAccountTokenCreated,lambda-exec-role,172,False,92.162.36.197,cicd,low,corr-5a7e8bdd42994dcd
sess-195dd09e9cf840b5,2024-06-28T11:52:38Z,arn:aws:iam::123456789012:user/dev-2,LambdaExecutionRole,TokenIssued,lambda-exec-role,27,False,44.2.139.174,cicd,low,corr-e9ca21679d494c42
sess-d5e846d8815a45d0,2024-06-23T10:39:45Z,arn:aws:iam::123456789012:role/ci-runner-2,IAMUser,ServiceAccountTokenCreated,lambda-exec-role,301,False,118.2.28.121,cicd,high,corr-15c7fb685ffb43eb
sess-1986b64c10224b39,2024-06-08T16:46:02Z,arn:aws:iam::123456789012:user/dev-1,AssumedRole,FederationLogin,ci-runner-role,105,False,190.154.238.187,staging,low,corr-acd8e15ba5224f99
sess-8e8f1c77061d4fc3,2024-06-04T14:09:48Z,arn:aws:sts::123456789012:assumed-role/analytics-role/session-4,IAMUser,AssumeRole,cross-account-role,128,False,72.12.87.237,production,low,corr-2698cb3cb7ad4ca2
sess-62b838a8b94c4efd,2024-06-20T13:03:15Z,arn:aws:iam::123456789012:user/dev-9,ServiceAccount,AssumeRole,s3-admin-role,86,False,125.38.149.109,cicd,low,corr-5849f5a3bc7042e2
sess-4336a4dd4e6b4c1e,2024-06-25T09:33:55Z,arn:aws:sts::123456789012:assumed-role/analytics-role/session-4,OIDCFederated,FederationLogin,audit-role,257,True,253.245.150.213,cicd,low,corr-9f36dae620e642b0
sess-485917b383484cc2,2024-06-04T13:13:56Z,arn:aws:iam::123456789012:user/dev-3,OIDCFederated,TokenIssued,readonly-role,173,True,145.140.240.205,dev,high,corr-e71183c195e24e6d
sess-b56af5885e634cb4,2024-06-18T12:10:14Z,arn:aws:iam::123456789012:user/dev-8,OIDCFederated,AssumeRole,deploy-role,118,True,88.141.46.29,staging,high,corr-9e7f145e9afd4548
sess-cba53689ee3d470b,2024-06-20T09:46:36Z,arn:aws:sts::123456789012:assumed-role/analytics-role/session-2,IAMUser,TokenIssued,debug-role,57,False,152.156.17.42,dev,low,corr-1ec30c8ff620497c
sess-33ea69b7e2ac46f0,2024-06-28T10:57:56Z,arn:aws:iam::123456789012:user/dev-4,AssumedRole,TokenIssued,s3-admin-role,266,False,151.152.52.180,analytics,low,corr-7d1e8b6a08c3409c
sess-8c4801ded1074c4e,2024-06-06T12:14:05Z,arn:aws:sts::123456789012:assumed-role/analytics-role/session-1,AssumedRole,TokenIssued,deploy-role,41,False,212.134.52.237,production,medium,corr-e4b55efee68c44df
sess-f59e74cbeede40bb,2024-06-30T13:06:03Z,arn:aws:iam::123456789012:user/dev-4,LambdaExecutionRole,ServiceAccountTokenCreated,debug-role,144,False,21.134.220.21,staging,high,corr-143a1009305e4bd8
sess-319c9023a9154d26,2024-06-16T12:38:39Z,arn:aws:sts::123456789012:assumed-role/analytics-role/session-2,OIDCFederated,TokenIssued,lambda-exec-role,28,True,54.184.237.120,dev,high,corr-12c45c0151ed46cf
sess-239729c777044d48,2024-06-05T22:09:38Z,arn:aws:iam::123456789012:user/dev-9,IAMUser,AssumeRole,readonly-role,106,False,153.211.247.167,monitoring,medium,corr-a666b11ddd044afc
sess-4293b746f0084420,2024-06-18T04:14:02Z,arn:aws:iam::123456789012:user/svc-54,OIDCFederated,AssumeRole,s3-admin-role,236,True,124.141.228.232,dev,high,corr-b3e4593433a74b03
sess-7bdceeddf2a741a6,2024-06-19T12:15:38Z,arn:aws:iam::123456789012:user/dev-14,OIDCFederated,AssumeRole,ci-runner-role,94,True,235.200.158.77,cicd,medium,corr-8ed72108519f4c8b
sess-93adc5e7228847c4,2024-06-23T17:51:03Z,arn:aws:sts::123456789012:assumed-role/analytics-role/session-5,OIDCFederated,ServiceAccountTokenCreated,readonly-role,396,True,232.248.100.211,staging,low,corr-49bac36ec2634edc
sess-57705621a9494629,2024-06-27T16:10:21Z,arn:aws:iam::123456789012:role/ci-runner-3,LambdaExecutionRole,ServiceAccountTokenCreated,deploy-role,160,False,66.135.169.7,cicd,medium,corr-0cae7f0810d448ef
sess-4bff9d4261374934,2024-06-25T20:48:16Z,arn:aws:iam::123456789012:user/dev-26,IAMUser,AssumeRole,crypto-miner-role,85,False,184.11.131.223,production,high,corr-8671f31e61624f83
sess-bb022f5362924c9e,2024-06-02T13:18:57Z,arn:aws:iam::123456789012:role/ci-runner-7,LambdaExecutionRole,AssumeRole,ci-runner-role,256,False,58.217.190.188,staging,low,corr-63f07155aef54bea
sess-7c00e1802647476a,2024-06-08T21:01:43Z,arn:aws:iam::123456789012:user/dev-12,ServiceAccount,TokenIssued,cross-account-role,55,False,74.212.185.112,analytics,medium,corr-2caed9a297c14d14
sess-35fd3bfb33994ec4,2024-06-04T10:06:27Z,arn:aws:iam::123456789012:user/dev-11,IAMUser,AssumeRole,ci-runner-role,27,False,197.147.134.62,staging,low,corr-a5e86a1ff13747ba
sess-59fa7083e50f4723,2024-06-02T15:51:57Z,arn:aws:iam::123456789012:user/dev-8,OIDCFederated,ServiceAccountTokenCreated,lambda-exec-role,161,True,165.151.64.76,production,medium,corr-85b47ce90b924541
sess-050927ad5f58460f,2024-06-16T09:18:14Z,arn:aws:sts::123456789012:assumed-role/analytics-role/session-4,AssumedRole,TokenIssued,readonly-role,155,False,113.191.239.11,cicd,high,corr-419a474f12224b81
sess-cf1c2f5de6624b41,2024-06-19T16:55:49Z,arn:aws:iam::123456789012:role/ci-runner-2,OIDCFederated,ServiceAccountTokenCreated,s3-admin-role,280,True,110.44.134.65,production,low,corr-430f1fc502924c8e
sess-8a59372ec4a7448d,2024-06-19T14:26:00Z,arn:aws:iam::123456789012:user/dev-3,OIDCFederated,AssumeRole,debug-role,216,True,212.235.9.80,dev,high,corr-af47f8093a304ea0
sess-84f18c10fb734865,2024-06-11T16:54:23Z,arn:aws:iam::123456789012:role/ci-runner-7,OIDCFederated,FederationLogin,cross-account-role,464,True,72.16.246.135,dev,low,corr-07657b705088492f
sess-a9140697341440a7,2024-06-19T13:15:43Z,arn:aws:sts::123456789012:assumed-role/analytics-role/session-1,OIDCFederated,TokenIssued,audit-role,104,True,45.240.186.232,analytics,low,corr-f6784b216bd942da
sess-3921ce1a2352446a,2024-06-20T09:44:59Z,arn:aws:iam::123456789012:user/dev-2,ServiceAccount,TokenIssued,analytics-role,165,False,156.10.198.201,staging,high,corr-afc474f8683d4acd
sess-6ad26478258c41ba,2024-06-17T16:43:27Z,arn:aws:sts::123456789012:assumed-role/analytics-role/session-3,AssumedRole,FederationLogin,analytics-role,112,False,186.93.208.18,cicd,medium,corr-053216fcb7ac46d0
sess-019b3f2ab5e046b2,2024-06-27T17:41:08Z,arn:aws:sts::123456789012:assumed-role/analytics-role/session-1,LambdaExecutionRole,ServiceAccountTokenCreated,s3-admin-role,335,False,2.217.174.105,cicd,medium,corr-253b62424b2d4b1b
sess-561eb0b1924f40dc,2024-06-28T03:45:06Z,arn:aws:iam::123456789012:user/dev-22,ServiceAccount,AssumeRole,crypto-miner-role,99,False,68.230.204.178,cicd,high,corr-846a584936214008
sess-74729f907df044cc,2024-06-26T14:42:14Z,arn:aws:iam::123456789012:role/ci-runner-3,ServiceAccount,TokenIssued,lambda-exec-role,36,False,51.153.2.19,staging,low,corr-d50fb0a13c3d4fe8
sess-fecb64de162343d8,2024-06-16T14:09:50Z,arn:aws:iam::123456789012:role/ci-runner-4,LambdaExecutionRole,AssumeRole,s3-admin-role,39,False,97.140.233.244,dev,low,corr-54e32ab49a694608
sess-83a172fd8fbc4577,2024-06-26T13:57:53Z,arn:aws:iam::123456789012:role/ci-runner-2,IAMUser,FederationLogin,deploy-role,97,False,84.243.171.38,monitoring,medium,corr-8ae4b1006a204b05
sess-a826694b250645f5,2024-06-10T11:42:49Z,arn:aws:iam::123456789012:role/ci-runner-6,IAMUser,ServiceAccountTokenCreated,cross-account-role,393,False,184.211.35.188,monitoring,medium,corr-243a2b9a033a419a
sess-0b0a4615a3594dc1,2024-06-12T12:34:52Z,arn:aws:iam::123456789012:user/dev-8,OIDCFederated,AssumeRole,ci-runner-role,25,True,38.85.129.164,analytics,high,corr-c5b859676ea3440d
sess-b04856668a6a4985,2024-06-27T20:10:24Z,arn:aws:iam::123456789012:user/dev-6,OIDCFederated,FederationLogin,cross-account-role,94,True,39.122.23.131,production,high,corr-a5fa7cc8636f4649
sess-62c2ad166cca4067,2024-06-07T13:53:32Z,arn:aws:iam::123456789012:user/dev-1,OIDCFederated,ServiceAccountTokenCreated,debug-role,448,True,195.24.202.107,monitoring,high,corr-3f5339b9813c4964
sess-cab5fc1ff79348d8,2024-06-18T16:40:20Z,arn:aws:iam::123456789012:user/dev-4,OIDCFederated,TokenIssued,debug-role,80,True,220.212.84.124,staging,medium,corr-4326d078fc354461
sess-6ede760da00846aa,2024-06-27T10:22:49Z,arn:aws:iam::123456789012:user/dev-1,LambdaExecutionRole,FederationLogin,cross-account-role,158,False,47.212.121.230,dev,high,corr-0a898acbe5aa46af
sess-1949ee267a264fb8,2024-06-07T13:06:47Z,arn:aws:sts::123456789012:assumed-role/analytics-role/session-5,LambdaExecutionRole,TokenIssued,cross-account-role,221,False,116.251.84.131,analytics,low,corr-c077052fece0461f
sess-6771fd5ac2a940fa,2024-06-21T11:59:41Z,arn:aws:iam::123456789012:user/dev-7,AssumedRole,FederationLogin,deploy-role,27,False,160.32.54.154,dev,medium,corr-cfe008c7d61a40f4
sess-8e27311abb1740d5,2024-06-09T11:34:39Z,arn:aws:iam::123456789012:user/dev-3,OIDCFederated,FederationLogin,ci-runner-role,96,True,137.175.43.55,analytics,low,corr-80e34684ad9a4b03
sess-eee0e6d973604d8c,2024-06-09T01:40:58Z,arn:aws:sts::123456789012:assumed-role/analytics-role/session-3,LambdaExecutionRole,TokenIssued,cross-account-role,117,False,9.211.67.178,monitoring,medium,corr-07b9ba760446470a
sess-8608f15c031e46f5,2024-06-19T21:01:11Z,arn:aws:sts::123456789012:assumed-role/analytics-role/session-4,IAMUser,FederationLogin,debug-role,59,False,191.166.66.129,production,high,corr-abc17171d88b46bb
sess-b08649f77eaa404d,2024-06-21T13:19:27Z,arn:aws:iam::123456789012:role/ci-runner-5,IAMUser,TokenIssued,readonly-role,71,False,209.18.227.136,staging,medium,corr-bd77d01225a640a5
sess-0ef7b1e32b03490d,2024-06-14T13:00:00Z,arn:aws:iam::123456789012:role/ci-runner-7,IAMUser,FederationLogin,cross-account-role,104,False,94.21.87.252,monitoring,low,corr-762062d5a70b48e4
sess-a57bed6fa9a9407b,2024-06-05T14:26:45Z,arn:aws:iam::123456789012:user/dev-1,LambdaExecutionRole,TokenIssued,ci-runner-role,66,False,15.221.153.216,analytics,medium,corr-9e638af20722415b
sess-9239c882d8ff40c4,2024-06-20T09:27:39Z,arn:aws:sts::123456789012:assumed-role/analytics-role/session-1,AssumedRole,FederationLogin,deploy-role,161,False,210.207.244.33,analytics,high,corr-372928c1fb5e474e
sess-6af19e5a9e534852,2024-06-07T14:24:53Z,arn:aws:iam::123456789012:user/dev-12,AssumedRole,FederationLogin,readonly-role,161,False,196.177.34.145,dev,high,corr-340e3934f06046f7
sess-41e92f0ce949451d,2024-06-30T21:59:02Z,arn:aws:iam::123456789012:user/dev-13,AssumedRole,AssumeRole,readonly-role,62,False,18.92.212.202,production,high,corr-9daea042d7564f72
sess-ba02ce253b6e49f3,2024-06-28T15:56:36Z,arn:aws:iam::123456789012:user/dev-2,LambdaExecutionRole,ServiceAccountTokenCreated,readonly-role,460,False,156.143.206.234,monitoring,low,corr-7adbb446939f44e4
sess-5c5b98efc0414a40,2024-06-25T02:01:10Z,arn:aws:iam::123456789012:user/dev-25,LambdaExecutionRole,AssumeRole,crypto-miner-role,112,False,239.75.204.5,analytics,high,corr-16e18d34813746eb
sess-c0b2b56691e44bf5,2024-06-25T13:08:27Z,arn:aws:iam::123456789012:user/dev-6,IAMUser,AssumeRole,analytics-role,44,False,126.168.215.147,dev,high,corr-a9701b4b7ba04fe0
sess-c8703bfc0d154eaf,2024-06-26T10:50:26Z,arn:aws:sts::123456789012:assumed-role/analytics-role/session-5,AssumedRole,TokenIssued,crypto-miner-role,337,False,119.103.13.132,dev,medium,corr-a3a0e71b13464c44
sess-e827af5f4075445a,2024-06-20T04:29:48Z,arn:aws:iam::123456789012:user/svc-60,OIDCFederated,AssumeRole,s3-admin-role,105,True,144.86.148.79,staging,high,corr-f92d53bb7b354933
sess-05f60c65686a4aad,2024-06-15T09:53:58Z,arn:aws:iam::123456789012:role/ci-runner-2,OIDCFederated,AssumeRole,cross-account-role,169,True,50.16.176.106,production,low,corr-d3fb9058733f46d3
sess-5ccbba7143f745d9,2024-06-19T14:17:26Z,arn:aws:iam::123456789012:user/dev-11,OIDCFederated,AssumeRole,readonly-role,119,True,197.22.95.58,analytics,medium,corr-7e777d2db3c8468f
sess-16fd5a9dee064857,2024-06-13T10:00:01Z,arn:aws:iam::123456789012:user/dev-6,OIDCFederated,AssumeRole,debug-role,303,True,245.75.244.174,production,medium,corr-171bf64d21434b64
sess-4e9b905fc4764246,2024-06-03T09:34:46Z,arn:aws:sts::123456789012:assumed-role/analytics-role/session-1,OIDCFederated,AssumeRole,deploy-role,36,True,4.111.217.38,cicd,low,corr-d7c98c9e9ccc4d0c
sess-b302e9848b3c44db,2024-06-28T17:44:18Z,arn:aws:iam::123456789012:user/dev-14,AssumedRole,TokenIssued,ci-runner-role,157,False,140.203.14.174,cicd,medium,corr-9377de3f30024259
sess-4f06fbb038194006,2024-06-20T17:46:13Z,arn:aws:iam::123456789012:user/dev-13,IAMUser,ServiceAccountTokenCreated,s3-admin-role,57,False,193.157.114.229,cicd,low,corr-79c59df36c32441d
sess-23a4e7e2bed44bcd,2024-06-03T11:18:17Z,arn:aws:iam::123456789012:role/ci-runner-3,OIDCFederated,ServiceAccountTokenCreated,readonly-role,191,True,89.78.183.182,cicd,medium,corr-87433fa440f04449
sess-8fdfc9465db64d1b,2024-06-17T15:50:02Z,arn:aws:sts::123456789012:assumed-role/analytics-role/session-4,OIDCFederated,ServiceAccountTokenCreated,lambda-exec-role,60,True,170.243.139.113,dev,medium,corr-2cc6b62dd2b947b1
sess-84b2c0d685a042f9,2024-06-24T12:46:15Z,arn:aws:iam::123456789012:role/ci-runner-6,OIDCFederated,ServiceAccountTokenCreated,deploy-role,96,True,141.69.71.6,monitoring,high,corr-344c49cbf643420e
sess-c04c70ea46a040a8,2024-06-10T15:29:50Z,arn:aws:iam::123456789012:user/dev-12,ServiceAccount,ServiceAccountTokenCreated,audit-role,100,False,103.203.16.228,cicd,low,corr-d75a0a5351b7468c
sess-b24ae09bf9214200,2024-06-11T14:03:26Z,arn:aws:iam::123456789012:role/ci-runner-2,OIDCFederated,AssumeRole,lambda-exec-role,21,True,90.28.198.179,analytics,low,corr-68be1760e8044a8f
sess-0bfe3ea626814f7b,2024-06-06T11:22:39Z,arn:aws:sts::123456789012:assumed-role/analytics-role/session-5,ServiceAccount,FederationLogin,ci-runner-role,72,False,116.170.255.230,analytics,medium,corr-bfd409cf53c74ade
sess-009fe6ec4dc74d9d,2024-06-21T09:16:30Z,arn:aws:iam::123456789012:user/dev-2,LambdaExecutionRole,TokenIssued,cross-account-role,27,False,108.181.247.59,production,low,corr-32ce9a0404e347a7
sess-5194e383c1704738,2024-06-04T09:19:05Z,arn:aws:sts::123456789012:assumed-role/analytics-role/session-5,AssumedRole,TokenIssued,crypto-miner-role,437,False,2.159.72.168,production,medium,corr-0efacd6cd3f04ae0
sess-881e348ea6fd4a05,2024-06-17T12:36:00Z,arn:aws:iam::123456789012:role/ci-runner-6,IAMUser,AssumeRole,analytics-role,89,False,163.139.129.133,analytics,medium,corr-08b2f885fad94a27
sess-d5995ab5f47142c4,2024-06-12T10:26:17Z,arn:aws:iam::123456789012:user/dev-8,AssumedRole,AssumeRole,cross-account-role,99,False,240.24.166.129,monitoring,low,corr-f69dc063b9cb4f8d
sess-42215e09327243c1,2024-06-24T16:40:44Z,arn:aws:iam::123456789012:user/dev-12,ServiceAccount,TokenIssued,ci-runner-role,247,False,250.83.38.101,analytics,medium,corr-c6a7f83a76b94a74
sess-5c2f26572b324a8f,2024-06-12T13:58:27Z,arn:aws:sts::123456789012:assumed-role/analytics-role/session-4,IAMUser,ServiceAccountTokenCreated,s3-admin-role,110,False,125.154.249.93,dev,medium,corr-f93c9de4d4514ded
sess-63004883c6ee40ca,2024-06-15T10:30:52Z,arn:aws:iam::123456789012:user/dev-14,OIDCFederated,FederationLogin,readonly-role,75,True,102.11.110.38,cicd,medium,corr-e4ee162c16f54109
sess-ed9eee82662d4a3c,2024-06-30T15:51:31Z,arn:aws:iam::123456789012:user/dev-3,LambdaExecutionRole,FederationLogin,analytics-role,80,False,86.254.160.92,production,high,corr-9c250a5a464f4a76
sess-4e12febecdf44354,2024-06-30T17:19:40Z,arn:aws:iam::123456789012:role/ci-runner-6,IAMUser,FederationLogin,readonly-role,316,False,45.80.146.115,dev,medium,corr-e48a819aa94c4cd8
sess-96d6b9aabc074b18,2024-06-01T17:49:06Z,arn:aws:iam::123456789012:role/ci-runner-5,IAMUser,TokenIssued,lambda-exec-role,30,False,105.184.16.140,production,medium,corr-191ae57101094739
sess-b3a78b5c5c174bf8,2024-06-01T09:53:55Z,arn:aws:sts::123456789012:assumed-role/analytics-role/session-3,IAMUser,AssumeRole,lambda-exec-role,156,False,37.211.87.133,dev,low,corr-5e627d7481084436
sess-2180a5a46e0441a6,2024-06-28T13:16:22Z,arn:aws:iam::123456789012:user/dev-10,AssumedRole,FederationLogin,cross-account-role,217,False,102.184.141.23,cicd,low,corr-e582b3f198aa4cb6
sess-c684659f8b07482d,2024-06-09T12:18:15Z,arn:aws:iam::123456789012:role/ci-runner-7,AssumedRole,AssumeRole,deploy-role,199,False,237.6.137.119,analytics,high,corr-e3a44e13b1d24886
sess-9dbf6c3fb8254431,2024-06-17T10:01:00Z,arn:aws:iam::123456789012:user/dev-4,OIDCFederated,FederationLogin,lambda-exec-role,126,True,57.23.218.66,staging,medium,corr-14aedb9cd020445c
sess-9488a64c25564414,2024-06-20T09:39:24Z,arn:aws:iam::123456789012:user/dev-12,AssumedRole,TokenIssued,debug-role,27,False,46.221.251.219,dev,medium,corr-123bdc551446421d
sess-2c0b5cd3b2444c48,2024-06-04T09:27:39Z,arn:aws:iam::123456789012:role/ci-runner-5,ServiceAccount,TokenIssued,cross-account-role,41,False,93.148.179.108,cicd,low,corr-c017bfdd99544076
sess-9fab1af2fe0547a0,2024-06-22T14:10:53Z,arn:aws:iam::123456789012:role/ci-runner-5,OIDCFederated,AssumeRole,debug-role,93,True,101.105.48.114,dev,low,corr-57448027f63e4cb7
sess-4879317666f945c2,2024-06-07T13:06:25Z,arn:aws:iam::123456789012:user/dev-8,OIDCFederated,TokenIssued,crypto-miner-role,477,True,55.60.82.43,staging,high,corr-e2c4871f0b3a44c3
sess-22f8568c35be49e5,2024-06-01T15:11:03Z,arn:aws:iam::123456789012:user/dev-5,OIDCFederated,TokenIssued,deploy-role,145,True,165.51.110.114,analytics,medium,corr-389b75f32fdc439b
sess-a08de912dc744935,2024-06-23T11:57:16Z,arn:aws:iam::123456789012:role/ci-runner-6,AssumedRole,ServiceAccountTokenCreated,deploy-role,371,False,253.106.128.97,production,medium,corr-c341ce35fb2e4bb3
sess-106d26207707457f,2024-06-11T10:52:46Z,arn:aws:iam::123456789012:role/ci-runner-1,LambdaExecutionRole,FederationLogin,lambda-exec-role,166,False,117.206.234.119,monitoring,low,corr-cfc6796ebed2490e
sess-4009ff698aae4255,2024-06-25T13:53:45Z,arn:aws:sts::123456789012:assumed-role/analytics-role/session-2,OIDCFederated,FederationLogin,ci-runner-role,402,True,239.75.116.24,cicd,high,corr-eccbbaef7299495c
sess-80572901d3c1492e,2024-06-06T11:03:43Z,arn:aws:iam::123456789012:role/ci-runner-6,OIDCFederated,FederationLogin,lambda-exec-role,300,True,75.230.105.176,production,high,corr-3817325d0e4e4f96
sess-bc9ccc55cad64501,2024-06-25T16:07:23Z,arn:aws:iam::123456789012:role/ci-runner-5,AssumedRole,TokenIssued,lambda-exec-role,155,False,91.101.219.125,staging,low,corr-3d0ac8178e374476
sess-8d1f94a7247741f1,2024-06-20T12:37:47Z,arn:aws:iam::123456789012:role/ci-runner-3,AssumedRole,FederationLogin,deploy-role,43,False,3.25.105.90,analytics,low,corr-d86f435b47194333
sess-f7b482a7628842b7,2024-06-24T04:18:25Z,arn:aws:iam::123456789012:user/dev-9,OIDCFederated,TokenIssued,s3-admin-role,104,True,28.141.38.72,analytics,high,corr-4660621256eb44dc
sess-4d30bc6139f6436b,2024-06-30T16:32:49Z,arn:aws:iam::123456789012:user/dev-6,LambdaExecutionRole,TokenIssued,s3-admin-role,72,False,175.103.42.44,cicd,low,corr-5d40eaceb1d44735
sess-f4e4a5962a9e4108,2024-06-26T17:07:18Z,arn:aws:sts::123456789012:assumed-role/analytics-role/session-5,ServiceAccount,ServiceAccountTokenCreated,ci-runner-role,106,False,121.60.221.18,monitoring,medium,corr-ea4f183a30e44d4e
sess-eb58df4d401c4921,2024-06-22T15:48:59Z,arn:aws:iam::123456789012:role/ci-runner-7,OIDCFederated,TokenIssued,readonly-role,31,True,104.240.171.111,analytics,low,corr-d6a0edd88d91481a
sess-cae76e3d45b44a54,2024-06-18T10:02:12Z,arn:aws:sts::123456789012:assumed-role/analytics-role/session-1,IAMUser,ServiceAccountTokenCreated,ci-runner-role,443,False,207.234.154.154,production,low,corr-a14d09d1987442fb
sess-3224e3774a904aaf,2024-06-19T17:11:07Z,arn:aws:iam::123456789012:user/dev-11,LambdaExecutionRole,TokenIssued,analytics-role,56,False,235.165.63.20,dev,high,corr-520fa96c9a0e4bfb
sess-d1419b1da33f4c20,2024-06-17T17:55:42Z,arn:aws:iam::123456789012:user/dev-7,ServiceAccount,AssumeRole,s3-admin-role,323,False,234.111.108.21,cicd,high,corr-25e4726533cc4acb
sess-78d2bf433a664bcf,2024-06-09T13:46:46Z,arn:aws:iam::123456789012:role/ci-runner-4,IAMUser,AssumeRole,deploy-role,82,False,63.54.59.247,dev,medium,corr-527f54376aff4fd9
sess-95589f8ad8f84f1f,2024-06-01T16:42:28Z,arn:aws:iam::123456789012:user/dev-10,OIDCFederated,TokenIssued,readonly-role,114,True,200.184.153.206,monitoring,low,corr-c62a9a56756c4264
sess-ff01629f65c94aa6,2024-06-04T16:51:46Z,arn:aws:iam::123456789012:role/ci-runner-6,IAMUser,TokenIssued,analytics-role,168,False,182.151.163.39,dev,low,corr-0e935a998d1141f4
sess-514bdec8f45c4bd8,2024-06-23T13:49:43Z,arn:aws:iam::123456789012:user/dev-1,IAMUser,ServiceAccountTokenCreated,ci-runner-role,57,False,40.125.191.54,staging,low,corr-4a51ec2d57e24da6
sess-9025aa6e0642427b,2024-06-09T13:32:29Z,arn:aws:iam::123456789012:role/ci-runner-6,IAMUser,TokenIssued,readonly-role,266,False,240.90.209.89,cicd,medium,corr-51e06d21dc2044f5
sess-c41cd7c58fc14ecf,2024-06-08T16:24:35Z,arn:aws:iam::123456789012:user/dev-14,LambdaExecutionRole,FederationLogin,debug-role,325,False,219.23.27.24,analytics,low,corr-0031d34c8b664c3b
sess-0e59dda7daaf49a6,2024-06-30T09:56:22Z,arn:aws:sts::123456789012:assumed-role/analytics-role/session-4,LambdaExecutionRole,ServiceAccountTokenCreated,s3-admin-role,480,False,46.250.204.119,cicd,low,corr-6e8155ccd4b848b5
sess-a08658063ff843dc,2024-06-19T17:56:18Z,arn:aws:iam::123456789012:role/ci-runner-3,OIDCFederated,ServiceAccountTokenCreated,crypto-miner-role,184,True,227.231.150.248,dev,low,corr-2d49e9efdd2a4c9f
sess-e5259f45d9644911,2024-06-26T14:50:21Z,arn:aws:iam::123456789012:user/dev-5,IAMUser,AssumeRole,ci-runner-role,450,False,41.88.213.11,production,low,corr-d2ce72b2d8544dca
sess-ea89d01460394996,2024-06-07T12:34:51Z,arn:aws:sts::123456789012:assumed-role/analytics-role/session-2,AssumedRole,AssumeRole,analytics-role,157,False,222.132.171.115,production,low,corr-1fc497c1b40741cc
sess-4accaac249ad478e,2024-06-19T10:23:17Z,arn:aws:iam::123456789012:user/dev-13,OIDCFederated,TokenIssued,ci-runner-role,77,True,220.136.206.163,cicd,high,corr-5362da1cb2e64956
sess-a565e8965dcd44db,2024-06-27T09:07:29Z,arn:aws:sts::123456789012:assumed-role/analytics-role/session-1,IAMUser,ServiceAccountTokenCreated,ci-runner-role,440,False,115.23.125.125,production,medium,corr-a39a9e575c844067
sess-85b8bea7446e4b7c,2024-06-04T16:55:39Z,arn:aws:iam::123456789012:user/dev-4,ServiceAccount,ServiceAccountTokenCreated,deploy-role,47,False,179.96.189.193,cicd,low,corr-c54cb40847044754
sess-f2da5eabca074266,2024-06-18T04:43:54Z,arn:aws:iam::123456789012:user/dev-10,OIDCFederated,FederationLogin,analytics-role,35,True,134.113.110.56,dev,high,corr-0477e909846d4e58
sess-e7b6e6e7b0254d7a,2024-06-12T10:06:31Z,arn:aws:iam::123456789012:role/ci-runner-4,AssumedRole,AssumeRole,deploy-role,76,False,204.16.208.139,analytics,low,corr-574c9d5458f64c36
sess-58eb77a0bc934ad9,2024-06-24T16:58:28Z,arn:aws:sts::123456789012:assumed-role/analytics-role/session-5,ServiceAccount,ServiceAccountTokenCreated,readonly-role,97,False,63.10.254.117,monitoring,medium,corr-c5f0af3582074ecd
sess-8534facab8ca4af2,2024-06-21T12:44:39Z,arn:aws:iam::123456789012:user/dev-4,ServiceAccount,TokenIssued,deploy-role,31,False,135.202.25.169,monitoring,low,corr-9c2fc0ffdf5541fe
sess-9c39ae0ded9042c9,2024-06-24T11:46:59Z,arn:aws:sts::123456789012:assumed-role/analytics-role/session-4,ServiceAccount,TokenIssued,cross-account-role,92,False,196.132.84.15,monitoring,medium,corr-b1fdb10de5b34c08
sess-aec6cb8ae2fe4b6f,2024-06-12T17:14:06Z,arn:aws:iam::123456789012:role/ci-runner-1,IAMUser,TokenIssued,deploy-role,408,False,30.171.157.174,production,low,corr-66bfa4f82f8d4341
sess-506d45abf1e649e9,2024-06-13T13:04:07Z,arn:aws:iam::123456789012:user/dev-2,AssumedRole,ServiceAccountTokenCreated,analytics-role,38,False,47.221.156.58,cicd,medium,corr-066fc3c44a7d4ff8
sess-a9c79f35268c4a45,2024-06-18T13:54:19Z,arn:aws:iam::123456789012:role/ci-runner-3,IAMUser,AssumeRole,audit-role,209,False,41.96.59.212,dev,low,corr-81d69b5698e8468c
sess-ce50d6e3d4454f88,2024-06-03T13:42:21Z,arn:aws:iam::123456789012:user/dev-1,IAMUser,TokenIssued,debug-role,363,False,241.87.195.111,production,low,corr-04490a490afc4c41
sess-cc46b51445044555,2024-06-03T15:53:05Z,arn:aws:iam::123456789012:user/dev-5,OIDCFederated,ServiceAccountTokenCreated,cross-account-role,115,True,172.169.60.73,analytics,low,corr-5557caea00644fe2
sess-9c518aec0b7e4064,2024-06-14T12:14:55Z,arn:aws:iam::123456789012:user/dev-8,OIDCFederated,ServiceAccountTokenCreated,audit-role,236,True,120.143.218.69,cicd,high,corr-045737d91e874836
sess-c63acf455ff1408f,2024-06-15T14:43:15Z,arn:aws:iam::123456789012:user/dev-10,OIDCFederated,TokenIssued,s3-admin-role,42,True,46.251.34.138,analytics,low,corr-91ed1460d57244b8
sess-fc79b9423ee745c3,2024-06-04T17:01:38Z,arn:aws:iam::123456789012:user/dev-8,OIDCFederated,AssumeRole,lambda-exec-role,145,True,88.127.106.13,dev,low,corr-643ad44a9c50447c
sess-8caf5a459a614e5e,2024-06-28T17:59:29Z,arn:aws:iam::123456789012:role/ci-runner-5,OIDCFederated,FederationLogin,debug-role,159,True,45.125.160.183,dev,high,corr-fb60fbff41aa4ce7
sess-6a1514803ec148c3,2024-06-17T12:57:35Z,arn:aws:sts::123456789012:assumed-role/analytics-role/session-2,AssumedRole,AssumeRole,crypto-miner-role,15,False,103.248.52.94,analytics,medium,corr-503befa85b884081
sess-3cb1c2863d20482d,2024-06-26T10:05:45Z,arn:aws:iam::123456789012:user/dev-9,IAMUser,TokenIssued,deploy-role,165,False,172.209.3.99,staging,medium,corr-5480fa5aad9d43b5
sess-1527c1cf6e6844da,2024-06-03T03:39:17Z,arn:aws:iam::123456789012:user/dev-22,AssumedRole,AssumeRole,crypto-miner-role,41,False,74.14.88.203,production,high,corr-26d2b5b4a08649dc
sess-0fe75ac413204cd8,2024-06-12T16:09:03Z,arn:aws:iam::123456789012:role/ci-runner-3,ServiceAccount,ServiceAccountTokenCreated,deploy-role,76,False,27.177.167.67,cicd,high,corr-7e0584fca232421a
sess-7d6bf11d4fbf4fc7,2024-06-24T21:24:13Z,arn:aws:iam::123456789012:user/dev-6,AssumedRole,FederationLogin,s3-admin-role,120,False,236.231.137.145,dev,medium,corr-4abeb8fcc05847e3
sess-10dd92cda49f4a2d,2024-06-03T11:52:13Z,arn:aws:iam::123456789012:user/dev-10,ServiceAccount,FederationLogin,audit-role,456,False,60.181.221.84,cicd,medium,corr-40afa99b22774b76
sess-5360703fbb174fcd,2024-06-29T10:58:54Z,arn:aws:sts::123456789012:assumed-role/analytics-role/session-2,ServiceAccount,ServiceAccountTokenCreated,ci-runner-role,170,False,170.186.92.12,dev,medium,corr-846f045a6ec0454d
sess-5d3c9f8e8fa8436f,2024-06-27T14:15:01Z,arn:aws:iam::123456789012:user/dev-9,ServiceAccount,ServiceAccountTokenCreated,analytics-role,193,False,62.140.226.233,analytics,medium,corr-5acecbe54d2445bf
sess-c5bda5b8e9164e3c,2024-06-08T15:56:05Z,arn:aws:sts::123456789012:assumed-role/analytics-role/session-2,LambdaExecutionRole,TokenIssued,lambda-exec-role,69,False,174.102.50.97,production,medium,corr-e7bf05d4c45c42f6
sess-b93ec4048eee43df,2024-06-17T13:29:04Z,arn:aws:iam::123456789012:user/dev-5,AssumedRole,ServiceAccountTokenCreated,ci-runner-role,85,False,223.137.207.107,production,medium,corr-6f54ec54ca644710
sess-55e6cd5141674db2,2024-06-07T10:38:38Z,arn:aws:iam::123456789012:user/dev-12,IAMUser,TokenIssued,cross-account-role,89,False,25.59.46.178,production,medium,corr-4dde1c5684124ba2
sess-fde7534d142a4712,2024-06-08T12:07:17Z,arn:aws:iam::123456789012:user/dev-11,IAMUser,ServiceAccountTokenCreated,ci-runner-role,76,False,64.67.167.25,staging,low,corr-73d427254a264958
sess-c94998246f264887,2024-06-08T15:14:16Z,arn:aws:iam::123456789012:user/dev-6,LambdaExecutionRole,FederationLogin,s3-admin-role,154,False,187.230.120.195,cicd,medium,corr-66c387ccc4584df3
sess-7b6fc71da2864848,2024-06-14T03:19:47Z,arn:aws:iam::123456789012:user/dev-4,OIDCFederated,TokenIssued,audit-role,120,True,221.24.147.92,cicd,high,corr-be36aa0bf8ea4ef3
sess-dfcf02cd0d6c4586,2024-06-25T13:14:02Z,arn:aws:iam::123456789012:role/ci-runner-2,IAMUser,AssumeRole,debug-role,363,False,47.122.204.237,monitoring,high,corr-860dadb64a81417d
sess-f80132b35b2846e7,2024-06-19T10:48:08Z,arn:aws:sts::123456789012:assumed-role/analytics-role/session-4,IAMUser,ServiceAccountTokenCreated,s3-admin-role,163,False,148.128.46.46,production,medium,corr-304e15f3b7114806
sess-7109a24403c14a92,2024-06-09T11:45:15Z,arn:aws:iam::123456789012:role/ci-runner-5,OIDCFederated,FederationLogin,cross-account-role,314,True,209.209.108.142,production,low,corr-4b419627687d46bd
sess-b1253667983141d5,2024-06-16T15:56:10Z,arn:aws:iam::123456789012:user/dev-3,AssumedRole,TokenIssued,s3-admin-role,24,False,250.176.10.90,analytics,medium,corr-c6d6c6887f774523
sess-375cd7c41e494424,2024-06-08T13:09:29Z,arn:aws:iam::123456789012:user/dev-10,AssumedRole,AssumeRole,ci-runner-role,133,False,215.56.16.179,production,low,corr-7c7b540367c3412d
sess-fc939e510ebe4217,2024-06-14T00:45:52Z,arn:aws:iam::123456789012:user/svc-72,OIDCFederated,AssumeRole,s3-admin-role,113,True,54.168.62.195,production,high,corr-4928f4efe91a45b8
sess-3211a4f9bae34a94,2024-06-22T12:49:07Z,arn:aws:sts::123456789012:assumed-role/analytics-role/session-5,ServiceAccount,FederationLogin,audit-role,216,False,86.227.198.99,analytics,medium,corr-ee7a745dec884ab7
sess-67038d62c7d44d83,2024-06-28T14:52:37Z,arn:aws:iam::123456789012:user/dev-5,LambdaExecutionRole,TokenIssued,analytics-role,437,False,101.13.100.170,production,medium,corr-1dbb240883444e8d
sess-7db9dd2d2dfb413d,2024-06-30T10:39:05Z,arn:aws:iam::123456789012:role/ci-runner-4,ServiceAccount,ServiceAccountTokenCreated,readonly-role,94,False,106.81.197.34,monitoring,medium,corr-0c560f5617ec42bf
sess-1fbcff357fa14df6,2024-06-26T16:18:29Z,arn:aws:iam::123456789012:user/dev-10,LambdaExecutionRole,TokenIssued,analytics-role,156,False,41.132.76.65,staging,low,corr-4b84482385da4bcc
sess-423985d145d94052,2024-06-11T23:29:57Z,arn:aws:iam::123456789012:user/dev-5,OIDCFederated,FederationLogin,s3-admin-role,37,True,203.145.174.154,production,high,corr-9a97ff28296d49e0
sess-3f9da6ec44074ff1,2024-06-17T14:25:31Z,arn:aws:iam::123456789012:user/dev-4,ServiceAccount,TokenIssued,lambda-exec-role,445,False,123.124.216.185,dev,low,corr-12fc332ba90140fb
sess-40599a8a3aaa4fa8,2024-06-20T17:22:34Z,arn:aws:iam::123456789012:user/dev-7,OIDCFederated,TokenIssued,crypto-miner-role,237,True,39.181.204.41,staging,high,corr-27a2236aadf6410f
sess-b08460f805a24d7f,2024-06-21T00:40:04Z,arn:aws:iam::123456789012:user/dev-23,IAMUser,AssumeRole,crypto-miner-role,57,False,48.22.169.174,dev,high,corr-2e0c9ceade3648c2
sess-5678d54e31ee402c,2024-06-16T10:12:05Z,arn:aws:iam::123456789012:user/dev-12,AssumedRole,ServiceAccountTokenCreated,lambda-exec-role,152,False,87.205.130.27,monitoring,low,corr-b2f73214df2044f6
sess-2bfe28298cf74fb6,2024-06-11T01:03:38Z,arn:aws:iam::123456789012:user/dev-3,ServiceAccount,FederationLogin,ci-runner-role,60,False,140.23.107.85,monitoring,medium,corr-bdd8f5de3d90471e
sess-293c955baa95440d,2024-06-12T22:10:30Z,arn:aws:sts::123456789012:assumed-role/analytics-role/session-3,OIDCFederated,AssumeRole,ci-runner-role,95,True,43.173.246.50,production,high,corr-0fbd92988c8d4d2d
sess-c917fb5e05d94148,2024-06-24T11:28:08Z,arn:aws:iam::123456789012:user/dev-11,ServiceAccount,AssumeRole,s3-admin-role,332,False,201.12.109.236,cicd,high,corr-b2ff45804bcf4d81
sess-b39c66bfe7564880,2024-06-20T17:13:04Z,arn:aws:iam::123456789012:user/dev-3,OIDCFederated,TokenIssued,s3-admin-role,477,True,23.44.58.53,production,low,corr-6b4e6cdf4bfd42d4
sess-592b4a225a0b48bc,2024-06-16T14:29:01Z,arn:aws:iam::123456789012:role/ci-runner-2,IAMUser,AssumeRole,ci-runner-role,125,False,90.37.66.12,staging,low,corr-5e7b3633c39b43fc
sess-f0ae42638d844439,2024-06-01T13:11:41Z,arn:aws:iam::123456789012:user/dev-8,LambdaExecutionRole,TokenIssued,deploy-role,87,False,246.113.25.197,production,medium,corr-01ddb032a06845ce
sess-d270a1f6562f4084,2024-06-23T14:22:35Z,arn:aws:iam::123456789012:role/ci-runner-3,ServiceAccount,TokenIssued,deploy-role,125,False,232.79.56.192,cicd,medium,corr-0bc3f2f3e7d84936
sess-7e3618c6ed3349c1,2024-06-08T16:44:06Z,arn:aws:iam::123456789012:user/dev-8,AssumedRole,AssumeRole,analytics-role,138,False,222.192.73.140,production,medium,corr-45926c6c1c854e5b
sess-b3a1ad2add564076,2024-06-06T17:09:46Z,arn:aws:iam::123456789012:user/dev-14,LambdaExecutionRole,ServiceAccountTokenCreated,readonly-role,95,False,134.142.127.206,analytics,low,corr-9bbf458edd574b07
sess-99796aa18df340a0,2024-06-26T11:17:28Z,arn:aws:sts::123456789012:assumed-role/analytics-role/session-4,LambdaExecutionRole,TokenIssued,cross-account-role,190,False,155.114.230.229,monitoring,high,corr-66f2dd130ad84383
sess-149efaa933c4473c,2024-06-16T11:46:52Z,arn:aws:iam::123456789012:user/dev-13,AssumedRole,TokenIssued,lambda-exec-role,177,False,120.109.160.39,dev,high,corr-438856bb7d414a9f
sess-73e10e43c1cf44e6,2024-06-20T11:45:53Z,arn:aws:iam::123456789012:user/dev-8,LambdaExecutionRole,AssumeRole,analytics-role,55,False,72.54.224.254,analytics,low,corr-35664265aece4060
sess-5ecdceb7ae6c48f0,2024-06-23T14:39:00Z,arn:aws:iam::123456789012:role/ci-runner-6,OIDCFederated,AssumeRole,analytics-role,44,True,234.33.211.217,dev,medium,corr-3b55a07e08574df6
sess-1a4f5db6c80f4c34,2024-06-03T03:48:20Z,arn:aws:iam::123456789012:user/svc-50,OIDCFederated,AssumeRole,s3-admin-role,145,True,227.70.11.227,staging,high,corr-b02ce5eb87da43f6
sess-e738621eb1904a12,2024-06-08T09:24:08Z,arn:aws:sts::123456789012:assumed-role/analytics-role/session-1,OIDCFederated,AssumeRole,deploy-role,162,True,85.205.131.158,analytics,medium,corr-e8655d27da9749f4
sess-2a2ae8ebb1ac4ba1,2024-06-30T03:29:49Z,arn:aws:iam::123456789012:user/dev-2,ServiceAccount,AssumeRole,s3-admin-role,44,False,148.207.160.251,analytics,medium,corr-6b2918d069364b41
sess-7182e3e11376406e,2024-06-22T15:11:30Z,arn:aws:iam::123456789012:user/dev-10,OIDCFederated,TokenIssued,ci-runner-role,161,True,87.105.51.110,staging,low,corr-087513020b6b4c83
sess-7db20bc62cd947b2,2024-06-02T12:00:43Z,arn:aws:sts::123456789012:assumed-role/analytics-role/session-3,OIDCFederated,ServiceAccountTokenCreated,debug-role,278,True,215.205.193.79,analytics,low,corr-d1e91c46f5f741d4
sess-6e8368c6add24800,2024-06-18T13:14:12Z,arn:aws:iam::123456789012:role/ci-runner-2,OIDCFederated,ServiceAccountTokenCreated,analytics-role,125,True,45.72.1.213,monitoring,high,corr-ff9ca08dc5bc405b
sess-ef263d1388ce499e,2024-06-03T11:11:05Z,arn:aws:iam::123456789012:role/ci-runner-5,IAMUser,ServiceAccountTokenCreated,analytics-role,271,False,117.101.140.178,analytics,low,corr-ac5ef0ff7d6a471f
sess-a54187da22d74b09,2024-06-27T10:59:48Z,arn:aws:iam::123456789012:role/ci-runner-7,OIDCFederated,FederationLogin,cross-account-role,260,True,50.66.231.128,staging,high,corr-9f27c524b21044c2
sess-de728c85cac747a8,2024-06-26T10:29:55Z,arn:aws:iam::123456789012:role/ci-runner-4,OIDCFederated,TokenIssued,ci-runner-role,219,True,133.13.40.252,analytics,low,corr-ac91de4df1564f00
sess-9e9019bd6b294539,2024-06-05T12:50:50Z,arn:aws:iam::123456789012:role/ci-runner-4,OIDCFederated,FederationLogin,deploy-role,256,True,252.14.124.39,cicd,low,corr-ecbcc11c57d24aea
sess-8f75593daa6648ce,2024-06-03T17:05:28Z,arn:aws:iam::123456789012:role/ci-runner-3,AssumedRole,TokenIssued,debug-role,27,False,87.187.117.142,dev,high,corr-75817e34d62c4c4c
sess-0f31ffa6bd734ec2,2024-06-26T10:26:52Z,arn:aws:iam::123456789012:user/dev-14,OIDCFederated,FederationLogin,deploy-role,166,True,173.78.6.219,cicd,low,corr-1890c722e07f402d
sess-4b61acb3ae9d40fd,2024-06-09T17:56:40Z,arn:aws:iam::123456789012:user/dev-2,OIDCFederated,FederationLogin,audit-role,125,True,9.236.190.112,analytics,high,corr-1aa36f93673d48de
sess-a205ab231eb34190,2024-06-29T15:50:03Z,arn:aws:iam::123456789012:user/dev-5,OIDCFederated,TokenIssued,readonly-role,150,True,170.68.4.86,cicd,medium,corr-f95b6eb58ff74773
sess-948b5d7259a94efb,2024-06-08T17:50:48Z,arn:aws:sts::123456789012:assumed-role/analytics-role/session-1,IAMUser,FederationLogin,analytics-role,444,False,155.43.133.143,monitoring,low,corr-b8bda3a0cf9d4bdc
sess-dd401d222fa04f35,2024-06-21T15:23:44Z,arn:aws:iam::123456789012:role/ci-runner-5,ServiceAccount,FederationLogin,analytics-role,175,False,181.219.186.130,monitoring,low,corr-1f9e8a0328a14e5c
sess-a6acf897633d4fb6,2024-06-07T20:13:58Z,arn:aws:iam::123456789012:user/dev-5,OIDCFederated,AssumeRole,crypto-miner-role,41,True,98.192.113.175,staging,medium,corr-4ab871ae4f21424f
sess-d6531d6a29984929,2024-06-11T12:44:59Z,arn:aws:sts::123456789012:assumed-role/analytics-role/session-5,IAMUser,TokenIssued,lambda-exec-role,142,False,80.111.156.174,monitoring,low,corr-ad617e23f79b417a
sess-68927a5203ce4760,2024-06-12T02:32:29Z,arn:aws:iam::123456789012:user/dev-30,ServiceAccount,AssumeRole,crypto-miner-role,99,False,129.169.223.101,analytics,high,corr-61869e7743914800
sess-e769d13637e54160,2024-06-26T12:16:06Z,arn:aws:iam::123456789012:user/dev-10,OIDCFederated,ServiceAccountTokenCreated,debug-role,275,True,9.29.108.245,monitoring,low,corr-be8deae3e66344a4
sess-3297f3daf61c4db1,2024-06-28T13:30:44Z,arn:aws:sts::123456789012:assumed-role/analytics-role/session-3,OIDCFederated,AssumeRole,deploy-role,38,True,206.64.161.217,monitoring,low,corr-b817945199ea4b8f
sess-60ff538d77d145c8,2024-06-05T10:29:51Z,arn:aws:sts::123456789012:assumed-role/analytics-role/session-1,IAMUser,TokenIssued,s3-admin-role,131,False,69.12.104.149,dev,low,corr-cf8f9670b1a2453d
sess-3d68df7d4c9444ab,2024-06-24T17:39:03Z,arn:aws:iam::123456789012:role/ci-runner-1,AssumedRole,AssumeRole,ci-runner-role,368,False,85.171.63.79,monitoring,medium,corr-bcfad7257beb4c1c
sess-d8bdfae15be34fa3,2024-06-08T14:35:51Z,arn:aws:iam::123456789012:user/dev-10,AssumedRole,ServiceAccountTokenCreated,analytics-role,161,False,151.9.141.82,cicd,medium,corr-7ae851a27f054b73
sess-5afe0978d72c4bbc,2024-06-04T16:36:22Z,arn:aws:iam::123456789012:user/dev-5,OIDCFederated,AssumeRole,analytics-role,94,True,6.191.97.183,dev,low,corr-5cbf77c94d924852
sess-6e4d289d8dd14d83,2024-06-05T17:34:32Z,arn:aws:iam::123456789012:role/ci-runner-4,ServiceAccount,AssumeRole,ci-runner-role,147,False,94.159.211.108,cicd,low,corr-21c46e6481f94ec9
sess-4009ec1011134ee5,2024-06-08T13:44:55Z,arn:aws:sts::123456789012:assumed-role/analytics-role/session-5,OIDCFederated,FederationLogin,readonly-role,326,True,132.135.220.128,dev,high,corr-513b07d31fd34aff
sess-c5ac737a742f4946,2024-06-26T20:03:52Z,arn:aws:iam::123456789012:user/svc-92,OIDCFederated,FederationLogin,cross-account-role,60,True,126.226.195.89,monitoring,high,corr-fb0170e6ff4b47aa
sess-a9b443f743db471c,2024-06-25T10:20:32Z,arn:aws:iam::123456789012:user/dev-6,ServiceAccount,ServiceAccountTokenCreated,deploy-role,218,False,56.64.199.170,production,high,corr-0a33c58f01594ec2
sess-7fb8b1cd3e894cd2,2024-06-03T11:29:46Z,arn:aws:iam::123456789012:user/dev-10,AssumedRole,FederationLogin,deploy-role,317,False,91.236.159.70,dev,medium,corr-c7f0968e373c4280
sess-407db6a475f24bd6,2024-06-22T17:47:25Z,arn:aws:iam::123456789012:role/ci-runner-6,OIDCFederated,ServiceAccountTokenCreated,ci-runner-role,98,True,69.13.113.55,analytics,low,corr-5e35ccd6fca949eb
sess-35d720c36b684ad3,2024-06-14T00:47:52Z,arn:aws:iam::123456789012:user/svc-72,OIDCFederated,FederationLogin,cross-account-role,51,True,187.131.165.187,analytics,high,corr-4928f4efe91a45b8
sess-8bba818309d14b06,2024-06-16T17:43:29Z,arn:aws:iam::123456789012:role/ci-runner-5,ServiceAccount,FederationLogin,analytics-role,88,False,226.89.134.35,production,medium,corr-0d1b65a1e82546b9
sess-86f8fc10987c43f8,2024-06-20T16:38:48Z,arn:aws:sts::123456789012:assumed-role/analytics-role/session-3,ServiceAccount,TokenIssued,analytics-role,164,False,81.236.129.223,dev,low,corr-287f62ff05744fab
sess-136ee68a4fc440e4,2024-06-05T13:36:28Z,arn:aws:iam::123456789012:role/ci-runner-2,ServiceAccount,TokenIssued,analytics-role,114,False,156.193.80.38,monitoring,low,corr-57d4a34314d64c1c
sess-47e13e2aa411489a,2024-06-26T13:05:16Z,arn:aws:iam::123456789012:user/dev-4,OIDCFederated,ServiceAccountTokenCreated,lambda-exec-role,117,True,119.133.164.217,staging,high,corr-d152e90ddfb34937
sess-20b80321eb7d4e46,2024-06-09T20:52:33Z,arn:aws:iam::123456789012:user/svc-63,OIDCFederated,FederationLogin,cross-account-role,50,True,169.26.213.166,cicd,high,corr-75737246b6464ee8
sess-67488dda284343bb,2024-06-29T10:17:18Z,arn:aws:sts::123456789012:assumed-role/analytics-role/session-5,OIDCFederated,AssumeRole,deploy-role,94,True,106.154.67.94,cicd,low,corr-8ef58f1424af42ce
sess-a287c145d1d34e1a,2024-06-24T09:51:51Z,arn:aws:iam::123456789012:user/dev-2,ServiceAccount,AssumeRole,analytics-role,121,False,213.50.106.10,cicd,medium,corr-8156c6d20f0b4a98
sess-120fe3c24a98497f,2024-06-06T10:06:03Z,arn:aws:iam::123456789012:user/dev-3,LambdaExecutionRole,AssumeRole,lambda-exec-role,48,False,160.166.205.247,production,low,corr-8380a14392b24d7a
sess-54381bb0f828472c,2024-06-28T15:49:41Z,arn:aws:iam::123456789012:user/dev-10,AssumedRole,ServiceAccountTokenCreated,lambda-exec-role,326,False,99.2.150.45,dev,low,corr-e1686ac8d7ee46e1
sess-8d798255c3014b62,2024-06-14T12:38:48Z,arn:aws:sts::123456789012:assumed-role/analytics-role/session-1,IAMUser,FederationLogin,readonly-role,73,False,198.211.226.197,analytics,low,corr-625fe7d784e744ac
sess-aa42649f37364627,2024-06-29T09:54:31Z,arn:aws:iam::123456789012:user/dev-14,ServiceAccount,AssumeRole,s3-admin-role,140,False,172.187.205.54,dev,low,corr-f7a477c9ce4c4049
sess-47bfb973bf2a4e6a,2024-06-29T15:45:48Z,arn:aws:iam::123456789012:user/dev-10,OIDCFederated,FederationLogin,deploy-role,58,True,227.175.155.160,analytics,low,corr-433794fe69244d8a
sess-65271e33cf154e2b,2024-06-08T12:12:09Z,arn:aws:iam::123456789012:role/ci-runner-4,AssumedRole,AssumeRole,cross-account-role,471,False,10.8.59.94,production,medium,corr-b78cbb5b7ac74f3c
sess-50c3f6851a294aea,2024-06-29T09:18:01Z,arn:aws:iam::123456789012:user/dev-8,LambdaExecutionRole,FederationLogin,cross-account-role,203,False,234.76.18.11,production,low,corr-100d61ad13354548
sess-ceb1c5ad537d4033,2024-06-11T09:37:30Z,arn:aws:iam::123456789012:user/dev-13,AssumedRole,FederationLogin,s3-admin-role,18,False,218.92.111.149,production,medium,corr-af7f53862c7c4edb
sess-7e226ee52c43413e,2024-06-19T11:59:48Z,arn:aws:iam::123456789012:user/dev-5,AssumedRole,ServiceAccountTokenCreated,s3-admin-role,376,False,125.159.110.60,cicd,low,corr-897874a5576147c1
sess-ee1c49b7546c41e0,2024-06-24T12:02:32Z,arn:aws:iam::123456789012:user/dev-12,AssumedRole,FederationLogin,debug-role,427,False,43.37.126.128,dev,low,corr-2c99f2a7d92d470c
sess-e016dea0137842ee,2024-06-24T17:51:23Z,arn:aws:iam::123456789012:user/dev-10,OIDCFederated,TokenIssued,lambda-exec-role,149,True,162.114.14.40,analytics,low,corr-ecb07c2937744f37
sess-4dba0b4763ed4c59,2024-06-10T09:39:48Z,arn:aws:iam::123456789012:user/dev-9,AssumedRole,TokenIssued,readonly-role,161,False,85.47.200.65,production,medium,corr-7005d50a19e1404a
sess-158ceea81acb4fea,2024-06-13T17:26:39Z,arn:aws:iam::123456789012:role/ci-runner-4,ServiceAccount,FederationLogin,cross-account-role,44,False,122.180.45.136,monitoring,low,corr-cf7d10dc275f486e
sess-2bb2b204f23344a9,2024-06-13T12:26:14Z,arn:aws:sts::123456789012:assumed-role/analytics-role/session-4,IAMUser,TokenIssued,analytics-role,57,False,94.133.78.237,staging,medium,corr-0f0dd6c74d094f8c
sess-b7cae007af614c76,2024-06-13T15:10:39Z,arn:aws:iam::123456789012:user/dev-8,IAMUser,TokenIssued,s3-admin-role,126,False,28.162.4.201,cicd,low,corr-5d069231c0cd4798
sess-fa77268ba6f74023,2024-06-08T11:47:29Z,arn:aws:iam::123456789012:role/ci-runner-7,LambdaExecutionRole,ServiceAccountTokenCreated,ci-runner-role,86,False,117.119.40.164,analytics,high,corr-0bb2da7051f24eba
sess-8717c4c795584ad4,2024-06-25T11:06:49Z,arn:aws:iam::123456789012:role/ci-runner-5,AssumedRole,TokenIssued,ci-runner-role,81,False,183.4.2.121,production,medium,corr-6d86af66551e43c6
sess-17081ff5960a4dd9,2024-06-04T17:49:30Z,arn:aws:sts::123456789012:assumed-role/analytics-role/session-3,LambdaExecutionRole,TokenIssued,readonly-role,299,False,220.254.130.2,analytics,low,corr-35b8e1ed40704535
sess-09e1e9ccaa5a41e1,2024-06-16T10:56:07Z,arn:aws:iam::123456789012:user/dev-2,ServiceAccount,TokenIssued,ci-runner-role,119,False,33.201.252.3,staging,low,corr-030fedfbaa394e36
sess-6f632ec6e1304f89,2024-06-05T10:48:15Z,arn:aws:sts::123456789012:assumed-role/analytics-role/session-1,IAMUser,TokenIssued,ci-runner-role,403,False,33.28.154.136,monitoring,high,corr-f2482f4aa8364f44
sess-37108f6ef2ea48f1,2024-06-26T05:35:05Z,arn:aws:iam::123456789012:user/svc-67,OIDCFederated,AssumeRole,s3-admin-role,100,True,188.24.185.60,monitoring,high,corr-cfd1c5b1568042a1
sess-260f964a66ae4b02,2024-06-10T12:59:46Z,arn:aws:iam::123456789012:user/dev-10,OIDCFederated,AssumeRole,lambda-exec-role,178,True,207.227.49.66,cicd,low,corr-8863ca8c5f6046d2
sess-f8f405a9a07340e3,2024-06-22T14:53:36Z,arn:aws:iam::123456789012:role/ci-runner-2,LambdaExecutionRole,FederationLogin,analytics-role,146,False,163.62.7.207,production,low,corr-10cbebcfecde4e98
sess-7782906517ed41d5,2024-06-15T09:54:33Z,arn:aws:iam::123456789012:role/ci-runner-3,ServiceAccount,FederationLogin,analytics-role,259,False,139.8.197.76,cicd,medium,corr-a311afb6a85b48bb
sess-1242d704aee048fe,2024-06-08T09:56:02Z,arn:aws:iam::123456789012:role/ci-runner-1,OIDCFederated,FederationLogin,deploy-role,131,True,196.218.79.70,dev,medium,corr-8fe6af8f65034c3e
sess-e095d8a6ef1444ec,2024-06-09T14:59:16Z,arn:aws:iam::123456789012:role/ci-runner-3,OIDCFederated,FederationLogin,analytics-role,30,True,243.125.211.220,cicd,medium,corr-7172feb4ef52496d
sess-1d5b5a5b46964baa,2024-06-25T09:52:44Z,arn:aws:iam::123456789012:user/dev-6,IAMUser,ServiceAccountTokenCreated,analytics-role,19,False,65.141.87.212,cicd,medium,corr-f509fafda6dc49c3
sess-3fa3ed1f38794144,2024-06-08T10:07:28Z,arn:aws:iam::123456789012:role/ci-runner-6,ServiceAccount,FederationLogin,analytics-role,179,False,192.31.221.114,analytics,low,corr-a081da2199bd4a8c
sess-21f85c938ae0471b,2024-06-30T03:27:29Z,arn:aws:iam::123456789012:user/dev-1,OIDCFederated,FederationLogin,debug-role,93,True,165.159.75.153,production,high,corr-3de70b75911342b5
sess-27a30d7f04cb4f66,2024-06-27T14:38:27Z,arn:aws:sts::123456789012:assumed-role/analytics-role/session-3,AssumedRole,ServiceAccountTokenCreated,lambda-exec-role,118,False,98.76.85.95,dev,medium,corr-4117307753154977
sess-5b374c3734db4db9,2024-06-20T16:06:54Z,arn:aws:iam::123456789012:role/ci-runner-2,LambdaExecutionRole,FederationLogin,crypto-miner-role,360,False,164.117.216.83,dev,medium,corr-dc478d81898c4f56
sess-0c7b0df039944607,2024-06-01T12:22:16Z,arn:aws:iam::123456789012:role/ci-runner-4,LambdaExecutionRole,TokenIssued,s3-admin-role,388,False,49.95.61.64,monitoring,high,corr-b6264460dc814ae9
sess-394abdd6e5164033,2024-06-18T16:10:00Z,arn:aws:iam::123456789012:user/dev-6,AssumedRole,AssumeRole,s3-admin-role,33,False,151.250.239.198,monitoring,low,corr-64d2198182434d5c
sess-cb73600fe55643db,2024-06-06T09:20:53Z,arn:aws:iam::123456789012:user/dev-7,AssumedRole,TokenIssued,lambda-exec-role,173,False,122.83.58.98,monitoring,low,corr-715ebff32c8e437e
sess-5d379ff342234e7d,2024-06-24T17:21:46Z,arn:aws:iam::123456789012:user/dev-1,AssumedRole,AssumeRole,ci-runner-role,161,False,203.141.5.37,dev,medium,corr-aeb9993e7a9d4e0d
sess-6070be3c69164680,2024-06-25T00:16:57Z,arn:aws:iam::123456789012:user/dev-30,ServiceAccount,AssumeRole,crypto-miner-role,43,False,4.214.183.217,dev,high,corr-4cf56a506796438b
sess-f41546e69b7e4d1a,2024-06-23T17:12:06Z,arn:aws:iam::123456789012:role/ci-runner-4,OIDCFederated,FederationLogin,audit-role,112,True,35.202.65.25,analytics,medium,corr-0b1fb8cbaee945cf
sess-a548df65da4e4b5f,2024-06-07T22:03:36Z,arn:aws:iam::123456789012:role/ci-runner-6,AssumedRole,TokenIssued,s3-admin-role,108,False,170.76.124.39,dev,medium,corr-d096e83ef82d4d41
sess-4f6fec7e18a84100,2024-06-06T12:39:20Z,arn:aws:iam::123456789012:role/ci-runner-5,AssumedRole,AssumeRole,audit-role,224,False,38.220.184.234,production,low,corr-c85877e349b746d0
sess-4f5b051d47ed4499,2024-06-18T13:13:46Z,arn:aws:sts::123456789012:assumed-role/analytics-role/session-1,OIDCFederated,ServiceAccountTokenCreated,s3-admin-role,50,True,126.220.107.162,staging,medium,corr-b7d12cd7557c48f5
sess-b45e6de9343c4c3b,2024-06-26T11:43:24Z,arn:aws:sts::123456789012:assumed-role/analytics-role/session-3,AssumedRole,TokenIssued,lambda-exec-role,425,False,52.109.221.178,production,low,corr-ec2b3d04daad4a8d
sess-5e06454c376a43f9,2024-06-03T10:42:02Z,arn:aws:sts::123456789012:assumed-role/analytics-role/session-5,OIDCFederated,FederationLogin,ci-runner-role,138,True,144.139.96.224,dev,medium,corr-cdc6bcb53d3e4040
sess-5e7792adf8024ca9,2024-06-01T10:42:08Z,arn:aws:iam::123456789012:role/ci-runner-1,ServiceAccount,TokenIssued,readonly-role,426,False,110.252.166.192,production,low,corr-b512109e65204fcb
sess-da32e5a30cd74243,2024-06-09T15:40:25Z,arn:aws:iam::123456789012:role/ci-runner-4,ServiceAccount,AssumeRole,deploy-role,34,False,163.235.3.25,monitoring,medium,corr-078b8917cc8f4e03
sess-5b013805985c4a7c,2024-06-14T16:33:43Z,arn:aws:sts::123456789012:assumed-role/analytics-role/session-5,AssumedRole,TokenIssued,deploy-role,46,False,121.156.4.64,monitoring,low,corr-96c97e638f7c4734
sess-42b544d9048e4ee5,2024-06-05T16:58:37Z,arn:aws:sts::123456789012:assumed-role/analytics-role/session-4,AssumedRole,ServiceAccountTokenCreated,readonly-role,32,False,27.45.64.173,monitoring,low,corr-9f828b4b517a4c47
sess-97c2de7d43484a88,2024-06-27T16:38:00Z,arn:aws:iam::123456789012:user/dev-13,ServiceAccount,TokenIssued,lambda-exec-role,22,False,59.1.204.157,analytics,high,corr-db06a9a2cf3745e5
sess-bde4369ec0fe4b88,2024-06-10T11:06:54Z,arn:aws:iam::123456789012:user/dev-9,ServiceAccount,ServiceAccountTokenCreated,lambda-exec-role,177,False,79.254.207.45,analytics,high,corr-526895a7d4ad4495
sess-b36b7156074f4564,2024-06-29T17:57:29Z,arn:aws:iam::123456789012:user/dev-8,OIDCFederated,ServiceAccountTokenCreated,audit-role,407,True,204.202.229.98,cicd,low,corr-483184cf8cc24984
sess-345388feb11d4dff,2024-06-07T17:32:24Z,arn:aws:iam::123456789012:user/dev-7,LambdaExecutionRole,ServiceAccountTokenCreated,lambda-exec-role,154,False,52.76.250.102,cicd,low,corr-13fc9f9b62e34b6b
sess-47e59a0345b54757,2024-06-23T16:10:21Z,arn:aws:iam::123456789012:role/ci-runner-5,OIDCFederated,ServiceAccountTokenCreated,ci-runner-role,173,True,55.197.57.246,dev,medium,corr-9c049f523e1949de
sess-76b6b01956ba40e3,2024-06-01T02:03:45Z,arn:aws:iam::123456789012:user/dev-4,OIDCFederated,FederationLogin,readonly-role,84,True,199.52.6.65,dev,high,corr-270cc664c4c44374
sess-c619a17b951b4821,2024-06-01T11:08:31Z,arn:aws:iam::123456789012:user/dev-4,ServiceAccount,FederationLogin,audit-role,437,False,200.41.15.33,dev,high,corr-4b9b1276f5e746be
sess-452689441bbf424e,2024-06-09T10:07:58Z,arn:aws:iam::123456789012:role/ci-runner-6,ServiceAccount,ServiceAccountTokenCreated,lambda-exec-role,148,False,157.139.229.206,dev,low,corr-9c11420946d44834
sess-5cf49ce4afc34a89,2024-06-06T17:45:38Z,arn:aws:iam::123456789012:user/dev-12,LambdaExecutionRole,ServiceAccountTokenCreated,debug-role,410,False,174.170.185.130,staging,medium,corr-7ebdb5b7d8d64f25
sess-4a706a70cdbb4c96,2024-06-24T11:03:15Z,arn:aws:iam::123456789012:user/dev-6,OIDCFederated,TokenIssued,audit-role,449,True,140.169.180.137,dev,medium,corr-c13ec53b40c04418
sess-8c6b2624ec3a4258,2024-06-06T13:29:28Z,arn:aws:iam::123456789012:role/ci-runner-4,LambdaExecutionRole,AssumeRole,lambda-exec-role,191,False,109.228.219.159,staging,medium,corr-77e3369e35184758
sess-3255dcf9d2804ef0,2024-06-28T20:39:06Z,arn:aws:iam::123456789012:user/dev-14,OIDCFederated,AssumeRole,analytics-role,119,True,247.112.106.209,staging,high,corr-b0dc68effc1b4785
sess-8945de2c0ad040e5,2024-06-23T14:43:30Z,arn:aws:iam::123456789012:role/ci-runner-3,IAMUser,ServiceAccountTokenCreated,ci-runner-role,31,False,110.227.165.195,staging,high,corr-cc7ca400f92f40e5
sess-42fe22c0f5b2403f,2024-06-14T13:48:59Z,arn:aws:iam::123456789012:user/dev-10,IAMUser,TokenIssued,s3-admin-role,102,False,233.209.253.129,cicd,medium,corr-8518471148404318
sess-77ef1e147e014140,2024-06-10T23:05:04Z,arn:aws:sts::123456789012:assumed-role/analytics-role/session-4,OIDCFederated,FederationLogin,crypto-miner-role,31,True,184.139.214.112,staging,medium,corr-2009fa0f603146dd
sess-75701e97e61048f7,2024-06-17T10:50:41Z,arn:aws:iam::123456789012:role/ci-runner-4,ServiceAccount,FederationLogin,crypto-miner-role,286,False,207.5.116.66,staging,medium,corr-6ca7f3dc921b4fc1
sess-0abb986cbe0b4a16,2024-06-29T09:41:46Z,arn:aws:iam::123456789012:user/dev-7,IAMUser,FederationLogin,s3-admin-role,132,False,7.21.19.28,cicd,medium,corr-b35e9ee85511499f
sess-1641b3abd5494319,2024-06-25T10:38:41Z,arn:aws:iam::123456789012:role/ci-runner-4,LambdaExecutionRole,AssumeRole,ci-runner-role,64,False,83.40.21.46,production,low,corr-c090ac5e51f44839
sess-a8a75c43ed0e402d,2024-06-23T13:44:40Z,arn:aws:iam::123456789012:user/dev-14,OIDCFederated,TokenIssued,lambda-exec-role,106,True,35.109.138.200,staging,low,corr-42d71b08faf64bad
sess-023e475f219e485a,2024-06-17T09:55:35Z,arn:aws:iam::123456789012:role/ci-runner-5,AssumedRole,FederationLogin,crypto-miner-role,259,False,50.157.170.196,production,low,corr-4660a619fbce423c
sess-944375110d7e47b1,2024-06-14T03:43:52Z,arn:aws:iam::123456789012:user/dev-13,OIDCFederated,TokenIssued,lambda-exec-role,37,True,71.235.220.189,cicd,medium,corr-2992dc171d654e7e
sess-76f2fd3bb07d4c93,2024-06-26T15:42:21Z,arn:aws:iam::123456789012:user/dev-10,ServiceAccount,AssumeRole,s3-admin-role,153,False,98.210.24.146,cicd,medium,corr-b027a957d4b7438a
sess-415a960cbc554de5,2024-06-22T20:03:51Z,arn:aws:iam::123456789012:user/dev-14,OIDCFederated,AssumeRole,deploy-role,113,True,218.97.147.117,dev,high,corr-00133e0ffe254b0e
sess-3b180ca72ea341fb,2024-06-25T17:31:05Z,arn:aws:iam::123456789012:role/ci-runner-3,AssumedRole,TokenIssued,crypto-miner-role,86,False,128.90.95.87,staging,medium,corr-aecc645cd3b04680
sess-9b68101a89b047c8,2024-06-16T17:21:41Z,arn:aws:iam::123456789012:user/dev-2,OIDCFederated,ServiceAccountTokenCreated,lambda-exec-role,150,True,177.77.8.183,production,low,corr-3840dc4ecb7b4ada
sess-c1ccc3fcdc0048ca,2024-06-11T14:23:52Z,arn:aws:iam::123456789012:user/dev-1,ServiceAccount,ServiceAccountTokenCreated,deploy-role,87,False,215.72.191.141,monitoring,high,corr-e10c6648c8184924
sess-7811be75326c4a9d,2024-06-17T12:52:35Z,arn:aws:iam::123456789012:role/ci-runner-2,OIDCFederated,FederationLogin,analytics-role,216,True,10.204.116.28,staging,medium,corr-f05f90332f1144e8
sess-9813d22c36b2445b,2024-06-24T14:56:46Z,arn:aws:iam::123456789012:user/dev-5,OIDCFederated,ServiceAccountTokenCreated,audit-role,23,True,16.227.191.243,staging,medium,corr-bf856f7514af45fb
sess-114bcd9a47fb436e,2024-06-06T12:47:44Z,arn:aws:iam::123456789012:user/dev-2,IAMUser,ServiceAccountTokenCreated,readonly-role,27,False,16.43.65.242,staging,medium,corr-d8a5a0dfa768408d
sess-b157c689a1664e4a,2024-06-28T09:45:36Z,arn:aws:iam::123456789012:user/dev-10,AssumedRole,TokenIssued,cross-account-role,98,False,56.176.62.7,monitoring,low,corr-d723feb677b34b67
sess-9a854dfa08af4b52,2024-06-23T21:17:20Z,arn:aws:sts::123456789012:assumed-role/analytics-role/session-3,OIDCFederated,AssumeRole,readonly-role,49,True,1.164.158.154,production,medium,corr-bd290a0cb4624751
sess-087f9fa3775f4c18,2024-06-27T10:52:44Z,arn:aws:iam::123456789012:role/ci-runner-2,LambdaExecutionRole,FederationLogin,s3-admin-role,155,False,131.244.69.80,monitoring,low,corr-494635a39427424e
sess-464be64cb34e48d4,2024-06-21T13:37:42Z,arn:aws:iam::123456789012:user/dev-5,ServiceAccount,TokenIssued,lambda-exec-role,174,False,13.71.98.136,production,high,corr-26cb74c0c6864e73
sess-3928cfa714ac4f66,2024-06-09T20:50:33Z,arn:aws:iam::123456789012:user/svc-63,OIDCFederated,AssumeRole,s3-admin-role,235,True,179.121.37.53,cicd,high,corr-75737246b6464ee8
sess-c9cb4ca6f2784ec6,2024-06-09T04:28:58Z,arn:aws:iam::123456789012:user/dev-4,ServiceAccount,TokenIssued,lambda-exec-role,118,False,206.120.139.109,production,high,corr-5080561c28cf4139
sess-3c0c4cd64260462d,2024-06-01T13:11:09Z,arn:aws:iam::123456789012:user/dev-4,ServiceAccount,TokenIssued,audit-role,160,False,244.38.122.11,cicd,low,corr-df50c162bd3f4dd5
sess-8154945658c243cb,2024-06-12T09:03:16Z,arn:aws:iam::123456789012:user/dev-1,AssumedRole,TokenIssued,analytics-role,45,False,158.212.50.188,cicd,high,corr-646616c162e54859
sess-ce020c022b0e4dc3,2024-06-09T13:07:35Z,arn:aws:sts::123456789012:assumed-role/analytics-role/session-1,LambdaExecutionRole,AssumeRole,readonly-role,65,False,163.116.3.176,monitoring,low,corr-97ca45ec1133467b
sess-34a29673faef4da9,2024-06-10T13:53:08Z,arn:aws:iam::123456789012:role/ci-runner-4,IAMUser,ServiceAccountTokenCreated,analytics-role,15,False,224.224.111.216,analytics,medium,corr-5b522bcce12e437c
sess-dec317af490c44e0,2024-06-20T02:10:42Z,arn:aws:iam::123456789012:role/ci-runner-6,LambdaExecutionRole,AssumeRole,ci-runner-role,37,False,51.253.49.236,monitoring,medium,corr-4690a6fe2eff4b3e
sess-4ac353ecc4f74763,2024-06-01T10:59:26Z,arn:aws:iam::123456789012:user/dev-13,OIDCFederated,ServiceAccountTokenCreated,cross-account-role,220,True,97.71.82.219,cicd,medium,corr-a620198200804e12
sess-244d5fb8e3f4431a,2024-06-15T09:44:58Z,arn:aws:iam::123456789012:role/ci-runner-6,OIDCFederated,ServiceAccountTokenCreated,cross-account-role,180,True,86.235.154.179,cicd,low,corr-7c5ef1c341664771
sess-8ff217ab7dde422a,2024-06-17T16:45:26Z,arn:aws:sts::123456789012:assumed-role/analytics-role/session-4,AssumedRole,TokenIssued,readonly-role,268,False,182.250.100.102,monitoring,high,corr-3ca95d5ba35b43d9
sess-4b2c897ad19f403e,2024-06-05T11:06:05Z,arn:aws:iam::123456789012:user/dev-14,IAMUser,ServiceAccountTokenCreated,crypto-miner-role,42,False,226.35.247.22,analytics,high,corr-db3090319d6d4b13
sess-29e65d81cb174087,2024-06-20T01:46:16Z,arn:aws:iam::123456789012:user/dev-12,OIDCFederated,AssumeRole,cross-account-role,77,True,148.48.113.214,production,medium,corr-14c8c6b63306460f
sess-da1bcf1474964451,2024-06-02T12:16:28Z,arn:aws:sts::123456789012:assumed-role/analytics-role/session-5,ServiceAccount,ServiceAccountTokenCreated,audit-role,304,False,234.185.240.27,dev,low,corr-ea6b866146eb4093
sess-230de6baffd74a0b,2024-06-17T17:43:40Z,arn:aws:iam::123456789012:user/dev-13,ServiceAccount,FederationLogin,s3-admin-role,270,False,51.148.139.162,production,high,corr-41dbb966f1584775
sess-913848dd043e4b0d,2024-06-16T12:41:22Z,arn:aws:iam::123456789012:user/dev-7,LambdaExecutionRole,AssumeRole,lambda-exec-role,362,False,46.125.204.145,monitoring,low,corr-2e3c529ab6004f63
sess-3f8615b87d794d60,2024-06-05T15:42:44Z,arn:aws:iam::123456789012:role/ci-runner-3,OIDCFederated,AssumeRole,analytics-role,24,True,172.139.72.225,staging,medium,corr-020aad939cdc43dc
sess-db08393ca0044844,2024-06-08T17:27:45Z,arn:aws:sts::123456789012:assumed-role/analytics-role/session-2,IAMUser,TokenIssued,cross-account-role,104,False,237.203.123.23,cicd,low,corr-b809905f642e4782
sess-30333e991aec4fab,2024-06-03T11:07:13Z,arn:aws:iam::123456789012:user/dev-1,IAMUser,AssumeRole,audit-role,84,False,252.109.212.228,analytics,medium,corr-ce8d8d793fe94bb0
sess-989ff17611424344,2024-06-22T10:11:07Z,arn:aws:sts::123456789012:assumed-role/analytics-role/session-5,IAMUser,ServiceAccountTokenCreated,readonly-role,162,False,41.254.103.212,cicd,medium,corr-e32985e2c5684528
sess-c2f7e75d8b994747,2024-06-18T15:08:23Z,arn:aws:iam::123456789012:role/ci-runner-2,LambdaExecutionRole,AssumeRole,lambda-exec-role,301,False,65.48.42.177,cicd,high,corr-4454583a38294e09
sess-b927b3c8cdb6475d,2024-06-30T11:16:28Z,arn:aws:iam::123456789012:user/dev-1,ServiceAccount,ServiceAccountTokenCreated,analytics-role,86,False,149.237.2.8,dev,low,corr-5097f3575af54d89
sess-40caadefc0e54753,2024-06-17T13:25:52Z,arn:aws:iam::123456789012:role/ci-runner-2,ServiceAccount,FederationLogin,audit-role,122,False,54.158.45.125,production,medium,corr-eececd7d98054aa3
sess-b18207059e1d40c8,2024-06-20T15:06:00Z,arn:aws:sts::123456789012:assumed-role/analytics-role/session-1,ServiceAccount,AssumeRole,ci-runner-role,104,False,192.18.196.118,cicd,medium,corr-ac27f61b212142f5
sess-286e58dc5ce84b32,2024-06-11T12:32:21Z,arn:aws:iam::123456789012:user/dev-3,OIDCFederated,AssumeRole,lambda-exec-role,91,True,209.190.44.34,dev,medium,corr-c97e1160ab664705
sess-4e176bad26a24f6c,2024-06-19T09:58:55Z,arn:aws:iam::123456789012:user/dev-13,OIDCFederated,AssumeRole,deploy-role,105,True,64.174.107.236,dev,medium,corr-6fe3fa1ef8a94da4
sess-de75c5eddd584b67,2024-06-24T15:34:33Z,arn:aws:iam::123456789012:user/dev-12,IAMUser,TokenIssued,ci-runner-role,174,False,5.186.41.9,production,medium,corr-d4ff283a127046f9
sess-e28d5de2634a4878,2024-06-14T10:04:10Z,arn:aws:iam::123456789012:user/dev-3,LambdaExecutionRole,FederationLogin,readonly-role,298,False,180.122.31.248,staging,low,corr-e0e207d7cc14487a
sess-59459d3808a04080,2024-06-13T09:30:04Z,arn:aws:iam::123456789012:user/dev-6,OIDCFederated,AssumeRole,lambda-exec-role,176,True,230.146.19.96,staging,low,corr-6ba0d571236c4b1e
sess-32af6b7acb634987,2024-06-30T15:18:36Z,arn:aws:iam::123456789012:user/dev-12,AssumedRole,AssumeRole,debug-role,143,False,157.164.113.210,monitoring,low,corr-5d7289281b684c05
sess-eecb354718d8462f,2024-06-04T11:09:09Z,arn:aws:iam::123456789012:user/dev-7,LambdaExecutionRole,TokenIssued,ci-runner-role,405,False,152.188.220.8,dev,low,corr-3d4c58c31f9f4ada
sess-8329c17c9a0b4de8,2024-06-28T22:22:00Z,arn:aws:iam::123456789012:user/dev-8,OIDCFederated,AssumeRole,lambda-exec-role,111,True,92.128.207.153,staging,high,corr-bdabb3477a354f64
sess-7873624bf08c4ea7,2024-06-27T17:23:35Z,arn:aws:iam::123456789012:role/ci-runner-3,ServiceAccount,ServiceAccountTokenCreated,ci-runner-role,378,False,30.187.78.128,staging,medium,corr-21f025e954664d9e
sess-177cd5fca24b40b9,2024-06-19T15:42:12Z,arn:aws:sts::123456789012:assumed-role/analytics-role/session-5,OIDCFederated,AssumeRole,deploy-role,15,True,117.51.151.170,cicd,high,corr-987083c7c36d4e8c
sess-b317bc92c89c489b,2024-06-09T17:55:36Z,arn:aws:iam::123456789012:role/ci-runner-5,LambdaExecutionRole,FederationLogin,readonly-role,418,False,218.44.47.154,production,low,corr-37318b212f8549a9
sess-1960bfa2a3ff41c6,2024-06-25T17:55:45Z,arn:aws:iam::123456789012:role/ci-runner-7,OIDCFederated,TokenIssued,cross-account-role,174,True,83.103.167.30,analytics,low,corr-ec3612dc728f4361
sess-a101e628917343a6,2024-06-20T17:35:30Z,arn:aws:iam::123456789012:user/dev-9,ServiceAccount,FederationLogin,audit-role,398,False,36.43.243.216,dev,medium,corr-8fe9791c6904414d
sess-00ce91479fe248e3,2024-06-26T20:01:52Z,arn:aws:iam::123456789012:user/svc-92,OIDCFederated,AssumeRole,s3-admin-role,86,True,207.68.112.132,cicd,high,corr-fb0170e6ff4b47aa
sess-f459af9934144f3f,2024-06-20T04:31:48Z,arn:aws:iam::123456789012:user/svc-60,OIDCFederated,FederationLogin,cross-account-role,58,True,151.62.132.118,production,high,corr-f92d53bb7b354933
sess-bb05a3359b1e4ff9,2024-06-03T17:58:54Z,arn:aws:iam::123456789012:user/dev-13,LambdaExecutionRole,FederationLogin,audit-role,235,False,235.151.180.246,analytics,low,corr-8e52ce06fee146c7
sess-0733e1ee4ac646aa,2024-06-01T13:25:38Z,arn:aws:iam::123456789012:role/ci-runner-4,OIDCFederated,TokenIssued,ci-runner-role,175,True,49.101.164.73,staging,medium,corr-3af921145b5d4507
sess-a719f78bf38c4857,2024-06-05T15:59:00Z,arn:aws:iam::123456789012:user/dev-8,AssumedRole,TokenIssued,deploy-role,296,False,237.11.159.182,cicd,high,corr-4e0da7f9ee1842fd
sess-20cac6952a604a5e,2024-06-24T15:48:08Z,arn:aws:iam::123456789012:user/dev-1,IAMUser,ServiceAccountTokenCreated,cross-account-role,30,False,44.76.121.168,staging,low,corr-e96fd101dcb3402b
sess-896b51366a5a4de1,2024-06-10T11:42:35Z,arn:aws:iam::123456789012:role/ci-runner-1,IAMUser,TokenIssued,cross-account-role,180,False,181.166.162.67,analytics,low,corr-e01e5744c2224c5a
sess-beda8c3838664505,2024-06-17T14:55:13Z,arn:aws:sts::123456789012:assumed-role/analytics-role/session-5,OIDCFederated,ServiceAccountTokenCreated,cross-account-role,65,True,8.199.120.120,production,low,corr-6d8a914cc5c54f21
sess-ee5577e3e64a4ac9,2024-06-06T23:25:33Z,arn:aws:iam::123456789012:user/dev-13,LambdaExecutionRole,AssumeRole,s3-admin-role,75,False,114.151.105.147,analytics,medium,corr-9109165ea09744d5
sess-c439801f91ee48f2,2024-06-18T14:09:53Z,arn:aws:iam::123456789012:user/dev-7,ServiceAccount,AssumeRole,ci-runner-role,110,False,101.237.5.119,monitoring,medium,corr-4d5bbef1c4274411
sess-43452593408a46ee,2024-06-26T15:48:31Z,arn:aws:iam::123456789012:user/dev-12,LambdaExecutionRole,ServiceAccountTokenCreated,s3-admin-role,24,False,30.105.103.98,staging,high,corr-71b25effef9a402a
sess-f18dd95167874bfe,2024-06-20T09:57:22Z,arn:aws:iam::123456789012:user/dev-10,OIDCFederated,AssumeRole,lambda-exec-role,159,True,128.80.38.67,dev,low,corr-99aa544efde54091
sess-a060a523abe84f9d,2024-06-05T11:08:40Z,arn:aws:sts::123456789012:assumed-role/analytics-role/session-2,OIDCFederated,ServiceAccountTokenCreated,ci-runner-role,105,True,213.137.101.194,production,medium,corr-7ed2332e38c74a2c
sess-5304e1e893d142ff,2024-06-27T11:59:53Z,arn:aws:iam::123456789012:role/ci-runner-6,ServiceAccount,FederationLogin,s3-admin-role,52,False,116.135.139.97,dev,low,corr-18b9df0d2f904a55
sess-72f4154021824d7f,2024-06-07T15:19:56Z,arn:aws:sts::123456789012:assumed-role/analytics-role/session-1,OIDCFederated,ServiceAccountTokenCreated,analytics-role,20,True,173.116.186.199,cicd,low,corr-b3d8120e72f147ab
sess-b036239c76514111,2024-06-23T13:23:40Z,arn:aws:iam::123456789012:user/dev-1,AssumedRole,TokenIssued,ci-runner-role,54,False,173.148.229.40,production,high,corr-c943fa5f04fa4f8e
sess-f5860890b36941d3,2024-06-23T11:08:09Z,arn:aws:sts::123456789012:assumed-role/analytics-role/session-1,OIDCFederated,AssumeRole,cross-account-role,168,True,186.202.203.245,production,medium,corr-4d0dcae56dee4e10
sess-9caa5841a6ba4ec1,2024-06-05T12:23:10Z,arn:aws:iam::123456789012:role/ci-runner-2,IAMUser,TokenIssued,cross-account-role,119,False,207.227.35.172,analytics,low,corr-904429d25d684741
sess-3855846cfe1f4312,2024-06-04T21:30:50Z,arn:aws:iam::123456789012:user/dev-3,OIDCFederated,FederationLogin,cross-account-role,67,True,244.67.105.23,cicd,high,corr-91e97951df3b4277
sess-478ae0a1fe724348,2024-06-11T10:08:07Z,arn:aws:iam::123456789012:role/ci-runner-7,OIDCFederated,FederationLogin,readonly-role,107,True,100.27.3.13,staging,low,corr-e562e1f57c6f4354
sess-9fe47644a2ef47d4,2024-06-05T16:36:30Z,arn:aws:iam::123456789012:user/dev-3,AssumedRole,ServiceAccountTokenCreated,deploy-role,120,False,94.221.121.81,analytics,high,corr-1fbeae88a46f4f4d
sess-3261f5b872ae4c15,2024-06-11T15:05:19Z,arn:aws:iam::123456789012:user/dev-13,IAMUser,AssumeRole,crypto-miner-role,410,False,7.34.174.174,cicd,low,corr-d4f033fd833e4b27
sess-eced9963b6cf4370,2024-06-24T09:39:53Z,arn:aws:iam::123456789012:role/ci-runner-7,LambdaExecutionRole,TokenIssued,s3-admin-role,401,False,163.37.80.148,analytics,low,corr-357ce8a6502f44fe
sess-3c9a5658cdf3466b,2024-06-10T17:33:34Z,arn:aws:iam::123456789012:user/dev-7,AssumedRole,FederationLogin,s3-admin-role,103,False,189.145.146.3,staging,low,corr-7011ad5afd3b4096
sess-30f9f3b04cc4477d,2024-06-24T11:13:03Z,arn:aws:iam::123456789012:role/ci-runner-5,ServiceAccount,AssumeRole,readonly-role,44,False,227.64.238.27,monitoring,medium,corr-9cc6543426234744
sess-566314c50f3347e1,2024-06-21T10:19:23Z,arn:aws:iam::123456789012:user/dev-8,OIDCFederated,TokenIssued,cross-account-role,63,True,198.15.83.194,analytics,medium,corr-1475666cef4a4246
sess-fffdff931d0d44d0,2024-06-05T17:35:07Z,arn:aws:iam::123456789012:user/dev-10,IAMUser,AssumeRole,analytics-role,29,False,88.151.16.130,production,low,corr-2b4d91ce4d014869
sess-e24a1d43a83d4348,2024-06-07T17:19:10Z,arn:aws:iam::123456789012:user/dev-1,ServiceAccount,AssumeRole,deploy-role,458,False,24.167.2.6,staging,medium,corr-ca37da4f54fa4e4c
sess-a4d54de603654d34,2024-06-15T15:20:13Z,arn:aws:iam::123456789012:role/ci-runner-4,IAMUser,FederationLogin,cross-account-role,133,False,22.227.141.137,staging,low,corr-bcb5db2af5624a3c
sess-6a7bd5750cfb4cd3,2024-06-01T16:36:09Z,arn:aws:iam::123456789012:user/dev-11,IAMUser,TokenIssued,readonly-role,332,False,93.81.105.214,analytics,low,corr-6babe1708259480b
sess-960493d558324fa7,2024-06-08T15:48:14Z,arn:aws:iam::123456789012:user/dev-10,OIDCFederated,AssumeRole,readonly-role,154,True,22.2.209.93,analytics,medium,corr-bdedecee9ba54149
sess-3d2882131aaa4cdd,2024-06-11T17:00:21Z,arn:aws:sts::123456789012:assumed-role/analytics-role/session-4,LambdaExecutionRole,ServiceAccountTokenCreated,lambda-exec-role,161,False,142.98.87.63,monitoring,medium,corr-3f2a56bc3175476b
sess-caee4fcec34243cc,2024-06-22T13:42:00Z,arn:aws:iam::123456789012:user/dev-7,OIDCFederated,AssumeRole,readonly-role,81,True,231.49.56.48,production,low,corr-ac98d79986c8401a
sess-3073ac6a3a634f5d,2024-06-05T20:46:43Z,arn:aws:sts::123456789012:assumed-role/analytics-role/session-4,IAMUser,AssumeRole,lambda-exec-role,102,False,171.26.109.123,production,medium,corr-0d87cc57d76a43a8
sess-cb64c7b0861840f6,2024-06-16T12:40:30Z,arn:aws:iam::123456789012:role/ci-runner-5,ServiceAccount,ServiceAccountTokenCreated,ci-runner-role,346,False,113.79.131.235,dev,medium,corr-6e04701edb3b4ab2
sess-d760c85a5fea4997,2024-06-27T09:20:19Z,arn:aws:sts::123456789012:assumed-role/analytics-role/session-4,ServiceAccount,AssumeRole,ci-runner-role,64,False,164.79.88.237,analytics,medium,corr-36aa45db0e2347f6
sess-45272e10cb3f493d,2024-06-30T10:25:42Z,arn:aws:iam::123456789012:user/dev-6,ServiceAccount,ServiceAccountTokenCreated,s3-admin-role,37,False,95.203.244.165,monitoring,low,corr-2abc13c41ca64877
sess-3e7873be94ba432b,2024-06-24T00:08:14Z,arn:aws:iam::123456789012:role/ci-runner-4,ServiceAccount,AssumeRole,audit-role,87,False,177.101.240.132,analytics,medium,corr-d2c603a2a9884115
sess-572235f445644e8d,2024-06-06T12:15:21Z,arn:aws:iam::123456789012:user/dev-7,IAMUser,ServiceAccountTokenCreated,debug-role,253,False,232.133.7.114,monitoring,low,corr-7d6501b343954a31
sess-986b9d5dfd7b4ff7,2024-06-28T15:21:15Z,arn:aws:iam::123456789012:user/dev-10,AssumedRole,FederationLogin,deploy-role,64,False,203.113.237.159,monitoring,medium,corr-5e3ae3e21a8b437b
sess-acd5348d13914104,2024-06-18T15:14:44Z,arn:aws:iam::123456789012:role/ci-runner-1,OIDCFederated,TokenIssued,deploy-role,166,True,251.167.184.125,analytics,high,corr-e38a4631673e405f
sess-254063925174442d,2024-06-16T13:48:39Z,arn:aws:sts::123456789012:assumed-role/analytics-role/session-4,LambdaExecutionRole,AssumeRole,lambda-exec-role,29,False,52.6.190.130,staging,medium,corr-8455deffbab1427f
sess-a5624b8a96924462,2024-06-28T12:54:57Z,arn:aws:iam::123456789012:role/ci-runner-2,OIDCFederated,FederationLogin,deploy-role,271,True,248.34.228.53,cicd,low,corr-f5b6229406ff4ec8
sess-7e7a06692d6a4085,2024-06-29T10:10:22Z,arn:aws:iam::123456789012:role/ci-runner-6,OIDCFederated,ServiceAccountTokenCreated,readonly-role,115,True,234.125.183.218,staging,high,corr-b171a1111882404f
sess-84310e47d79e40ea,2024-06-11T16:38:34Z,arn:aws:iam::123456789012:user/dev-14,ServiceAccount,AssumeRole,analytics-role,106,False,171.155.208.253,staging,low,corr-d3ed4c6676674739
sess-93a098c233cd43ed,2024-06-13T16:16:23Z,arn:aws:iam::123456789012:user/dev-1,IAMUser,TokenIssued,cross-account-role,78,False,205.239.2.193,cicd,high,corr-8a3acd2aa0e44110
sess-a3b258f55b0f4d8e,2024-06-30T17:15:51Z,arn:aws:sts::123456789012:assumed-role/analytics-role/session-5,AssumedRole,TokenIssued,lambda-exec-role,53,False,217.192.168.249,dev,medium,corr-98e9e163f36b4c9e
sess-17b4babb74964e7f,2024-06-21T15:25:28Z,arn:aws:iam::123456789012:user/dev-2,OIDCFederated,AssumeRole,lambda-exec-role,184,True,150.240.111.16,analytics,medium,corr-ddc2cd8afc1b4f8d
sess-e844788673244f03,2024-06-25T17:16:36Z,arn:aws:iam::123456789012:role/ci-runner-4,LambdaExecutionRole,AssumeRole,deploy-role,105,False,35.3.32.158,cicd,low,corr-a057521eb4634e35
sess-3310bbae07b647b4,2024-06-26T15:14:17Z,arn:aws:iam::123456789012:role/ci-runner-5,ServiceAccount,TokenIssued,ci-runner-role,480,False,182.229.111.235,dev,low,corr-8feac1eb7ac44146
sess-e7b89b82656d40ea,2024-06-03T03:50:20Z,arn:aws:iam::123456789012:user/svc-50,OIDCFederated,FederationLogin,cross-account-role,54,True,26.99.195.3,production,high,corr-b02ce5eb87da43f6
sess-651bd425466a440b,2024-06-03T09:11:45Z,arn:aws:iam::123456789012:user/dev-4,OIDCFederated,ServiceAccountTokenCreated,deploy-role,69,True,70.161.242.33,cicd,medium,corr-be7d3ba450f844b5
sess-f53d0b55f2f14a55,2024-06-01T15:29:43Z,arn:aws:iam::123456789012:user/dev-13,AssumedRole,TokenIssued,deploy-role,430,False,81.52.23.206,production,low,corr-62db2fbe7f644e43
sess-3bdd27af21ff4113,2024-06-28T09:16:43Z,arn:aws:iam::123456789012:role/ci-runner-4,OIDCFederated,ServiceAccountTokenCreated,debug-role,128,True,175.238.246.152,staging,high,corr-f35ddb9d14734c36
sess-01c064056fcc42ee,2024-06-13T13:19:38Z,arn:aws:iam::123456789012:role/ci-runner-5,OIDCFederated,TokenIssued,cross-account-role,81,True,132.213.230.96,monitoring,low,corr-c9517798f5fe4b80
sess-dc0047ab52b149fb,2024-06-04T16:27:05Z,arn:aws:iam::123456789012:user/dev-11,IAMUser,TokenIssued,analytics-role,442,False,246.19.142.19,cicd,high,corr-025428df1e894da3
sess-eab1d30279d9415b,2024-06-28T12:52:47Z,arn:aws:iam::123456789012:user/dev-4,OIDCFederated,ServiceAccountTokenCreated,deploy-role,133,True,187.82.105.54,dev,high,corr-26ce84ed89fd451c
sess-311106a21f874056,2024-06-25T14:23:08Z,arn:aws:iam::123456789012:role/ci-runner-7,AssumedRole,FederationLogin,readonly-role,148,False,66.177.145.156,analytics,low,corr-22361501e53649f7
sess-8842e32b7c2e41d9,2024-06-26T17:55:19Z,arn:aws:iam::123456789012:user/dev-12,OIDCFederated,FederationLogin,lambda-exec-role,61,True,57.171.233.51,analytics,low,corr-5649f59b0bca443a
sess-2d040bce65c54708,2024-06-21T13:32:04Z,arn:aws:iam::123456789012:user/dev-3,LambdaExecutionRole,AssumeRole,ci-runner-role,176,False,250.15.96.195,cicd,medium,corr-642f95b116604180
sess-226a3dc7ac1648a3,2024-06-01T10:45:37Z,arn:aws:iam::123456789012:role/ci-runner-3,IAMUser,TokenIssued,s3-admin-role,114,False,120.247.23.188,dev,medium,corr-28073efc96674383
sess-a4366b40b5dd4dea,2024-06-01T14:54:54Z,arn:aws:iam::123456789012:user/dev-11,AssumedRole,FederationLogin,debug-role,30,False,97.17.67.181,production,high,corr-469ce162cee9477b
sess-38db8351b1ed488b,2024-06-26T15:16:18Z,arn:aws:iam::123456789012:role/ci-runner-6,LambdaExecutionRole,FederationLogin,readonly-role,177,False,112.44.72.232,production,low,corr-eb843daadac54c88
sess-7d7fdfed6ba342d8,2024-06-18T04:16:02Z,arn:aws:iam::123456789012:user/svc-54,OIDCFederated,FederationLogin,cross-account-role,58,True,193.7.109.131,production,high,corr-b3e4593433a74b03
sess-a9d50f4cf6e94604,2024-06-12T10:32:47Z,arn:aws:iam::123456789012:user/dev-12,OIDCFederated,ServiceAccountTokenCreated,s3-admin-role,138,True,119.132.20.188,production,high,corr-994d2b6b22594ffb
sess-1eb85ce3903d4a63,2024-06-05T16:59:43Z,arn:aws:sts::123456789012:assumed-role/analytics-role/session-3,IAMUser,ServiceAccountTokenCreated,readonly-role,168,False,199.108.148.17,analytics,medium,corr-7797695746e846a7
sess-be6ae27d8fa54ba5,2024-06-16T15:32:58Z,arn:aws:iam::123456789012:user/dev-4,OIDCFederated,AssumeRole,readonly-role,76,True,66.195.41.248,dev,high,corr-52f71fa2390649be
sess-39085817e62c4f36,2024-06-27T09:57:29Z,arn:aws:iam::123456789012:user/dev-7,LambdaExecutionRole,AssumeRole,analytics-role,103,False,13.239.158.43,staging,low,corr-52d3670fef874c32
sess-13ea56d8b70346a8,2024-06-13T11:02:38Z,arn:aws:iam::123456789012:user/dev-3,OIDCFederated,ServiceAccountTokenCreated,debug-role,190,True,103.245.188.32,cicd,low,corr-8f276cd5a20f461d
sess-7174e240fa7641b4,2024-06-11T10:23:13Z,arn:aws:iam::123456789012:user/dev-8,AssumedRole,AssumeRole,s3-admin-role,444,False,143.235.46.203,monitoring,medium,corr-ab78f190902148ab
sess-6b9190c02a86491c,2024-06-12T14:38:57Z,arn:aws:sts::123456789012:assumed-role/analytics-role/session-1,AssumedRole,ServiceAccountTokenCreated,readonly-role,26,False,195.82.194.123,cicd,low,corr-fdee4d4da3f04886
sess-fa6c7c35af994688,2024-06-28T11:59:12Z,arn:aws:iam::123456789012:role/ci-runner-4,IAMUser,TokenIssued,audit-role,279,False,222.52.72.248,monitoring,high,corr-baf9780b6a4943d1
sess-af9ebb7595284277,2024-06-13T05:16:17Z,arn:aws:iam::123456789012:user/dev-1,IAMUser,AssumeRole,cross-account-role,73,False,230.116.169.51,analytics,high,corr-9250cb03e28b4d30
sess-3a6f2dbea4304944,2024-06-02T17:14:41Z,arn:aws:iam::123456789012:role/ci-runner-7,ServiceAccount,AssumeRole,lambda-exec-role,143,False,5.16.68.90,staging,medium,corr-5405d59dcd9442ad
sess-a2bc072f32d345d6,2024-06-01T12:33:54Z,arn:aws:iam::123456789012:user/dev-14,ServiceAccount,ServiceAccountTokenCreated,ci-runner-role,221,False,127.213.241.24,dev,low,corr-0063ac4902874d27
sess-a0f9401d65bb44d2,2024-06-12T15:57:53Z,arn:aws:sts::123456789012:assumed-role/analytics-role/session-5,OIDCFederated,TokenIssued,s3-admin-role,262,True,183.183.207.169,cicd,medium,corr-c204fa3527c9487f
sess-100f27c60c0a4ad9,2024-06-27T00:05:18Z,arn:aws:iam::123456789012:user/dev-22,ServiceAccount,AssumeRole,crypto-miner-role,38,False,10.48.199.85,staging,high,corr-a333f8c702f244ba
sess-753de776ab46498d,2024-06-07T13:25:43Z,arn:aws:iam::123456789012:role/ci-runner-5,ServiceAccount,AssumeRole,debug-role,70,False,146.196.77.221,analytics,high,corr-768171ad48fe4d70
sess-e17694370bc844fb,2024-06-26T03:06:43Z,arn:aws:iam::123456789012:user/dev-4,IAMUser,AssumeRole,debug-role,75,False,234.191.28.99,production,high,corr-b943363828484ab3
sess-7758e4dc529b4d41,2024-06-15T11:59:46Z,arn:aws:iam::123456789012:user/dev-6,OIDCFederated,ServiceAccountTokenCreated,crypto-miner-role,219,True,78.2.52.29,monitoring,low,corr-8225a48c2f964943
sess-38f4fdf075894efe,2024-06-16T15:28:59Z,arn:aws:sts::123456789012:assumed-role/analytics-role/session-5,ServiceAccount,FederationLogin,deploy-role,166,False,32.178.163.147,dev,low,corr-10f49b58914c4e88
sess-25e7656670984da4,2024-06-05T11:01:40Z,arn:aws:iam::123456789012:role/ci-runner-5,AssumedRole,TokenIssued,analytics-role,77,False,59.91.175.36,analytics,medium,corr-be6fef13f23345c5
sess-df6e85753906444a,2024-06-07T13:41:16Z,arn:aws:iam::123456789012:role/ci-runner-2,LambdaExecutionRole,FederationLogin,readonly-role,71,False,91.74.187.188,analytics,high,corr-aa3da8cda37c4c99
sess-e68f071e6e7543d7,2024-06-29T14:01:58Z,arn:aws:iam::123456789012:user/dev-5,LambdaExecutionRole,TokenIssued,crypto-miner-role,242,False,81.146.165.126,production,low,corr-e0d8959fcf734b01
sess-94a87890961a42c3,2024-06-05T12:05:00Z,arn:aws:iam::123456789012:role/ci-runner-4,LambdaExecutionRole,TokenIssued,crypto-miner-role,404,False,16.183.107.103,production,medium,corr-3f7c2acc65994fe3
sess-5b10f868b21b448d,2024-06-11T13:48:32Z,arn:aws:iam::123456789012:role/ci-runner-2,OIDCFederated,TokenIssued,ci-runner-role,106,True,163.26.139.39,dev,medium,corr-2ca564795a4b401c
sess-6d0d7eef45f641ef,2024-06-26T16:08:31Z,arn:aws:iam::123456789012:user/dev-10,OIDCFederated,AssumeRole,analytics-role,66,True,16.14.15.149,analytics,low,corr-70f3c7aba5d54ae4
sess-d71985ead9f94da3,2024-06-01T10:36:40Z,arn:aws:iam::123456789012:role/ci-runner-2,ServiceAccount,ServiceAccountTokenCreated,ci-runner-role,262,False,84.58.200.77,monitoring,low,corr-940911a0b0054b06
sess-d36203bcdce54c6b,2024-06-15T10:01:57Z,arn:aws:iam::123456789012:role/ci-runner-3,OIDCFederated,FederationLogin,lambda-exec-role,474,True,242.82.160.34,dev,low,corr-cde2f318dea74277
sess-ce3e729b2b294b6a,2024-06-07T17:00:18Z,arn:aws:iam::123456789012:role/ci-runner-1,ServiceAccount,FederationLogin,lambda-exec-role,376,False,219.174.11.243,staging,medium,corr-57095991a3fb41a8
sess-f6663996f7ce4371,2024-06-17T14:41:01Z,arn:aws:sts::123456789012:assumed-role/analytics-role/session-4,AssumedRole,ServiceAccountTokenCreated,readonly-role,399,False,10.255.17.147,staging,medium,corr-9bf30f86aea6405d
sess-bbc20d2178884e72,2024-06-11T16:15:42Z,arn:aws:iam::123456789012:role/ci-runner-5,OIDCFederated,ServiceAccountTokenCreated,analytics-role,131,True,37.15.57.224,monitoring,low,corr-a3ea5e9eb96a4a6e
sess-fdaf13c7be28411e,2024-06-14T14:43:17Z,arn:aws:iam::123456789012:user/dev-6,IAMUser,FederationLogin,lambda-exec-role,248,False,221.32.53.34,staging,low,corr-73bf57d52d434930
sess-bf48f20f700c4dc0,2024-06-03T11:22:28Z,arn:aws:sts::123456789012:assumed-role/analytics-role/session-1,OIDCFederated,ServiceAccountTokenCreated,lambda-exec-role,57,True,22.55.250.203,cicd,high,corr-25fde11a158f4088
sess-3370ca4f175248fe,2024-06-30T10:22:42Z,arn:aws:iam::123456789012:user/dev-10,OIDCFederated,TokenIssued,readonly-role,282,True,204.75.205.176,monitoring,medium,corr-d1b9b5df924d4c82
sess-f5a3a6afc3124306,2024-06-16T11:54:05Z,arn:aws:iam::123456789012:user/dev-12,LambdaExecutionRole,AssumeRole,lambda-exec-role,35,False,161.81.250.71,monitoring,medium,corr-bbf6d3d73f4a4bfe
sess-25551b3cb7d94540,2024-06-08T16:30:23Z,arn:aws:sts::123456789012:assumed-role/analytics-role/session-4,LambdaExecutionRole,AssumeRole,s3-admin-role,178,False,176.212.246.202,cicd,low,corr-47302633b0784db3
sess-28bb5f96d8a2475e,2024-06-26T05:37:05Z,arn:aws:iam::123456789012:user/svc-67,OIDCFederated,FederationLogin,cross-account-role,55,True,113.65.122.151,dev,high,corr-cfd1c5b1568042a1
sess-7b4ab07ebf9249e6,2024-06-01T13:33:08Z,arn:aws:iam::123456789012:role/ci-runner-2,AssumedRole,ServiceAccountTokenCreated,debug-role,130,False,245.3.208.47,production,low,corr-eb52d7e980824ca3
sess-d49fcfefa45f4132,2024-06-10T09:48:02Z,arn:aws:iam::123456789012:role/ci-runner-7,AssumedRole,FederationLogin,deploy-role,172,False,214.197.8.58,production,low,corr-8746ac42ea424ea8
sess-caef90eaa7804db4,2024-06-09T14:33:50Z,arn:aws:iam::123456789012:role/ci-runner-5,IAMUser,ServiceAccountTokenCreated,readonly-role,82,False,1.117.126.156,cicd,high,corr-b69009ef63fb4993
sess-481fff0962f240f6,2024-06-18T14:29:08Z,arn:aws:iam::123456789012:user/dev-1,LambdaExecutionRole,AssumeRole,deploy-role,129,False,171.51.33.117,production,medium,corr-1b00fe145b844cee
sess-6626b8d5cfd74700,2024-06-18T17:56:05Z,arn:aws:iam::123456789012:role/ci-runner-5,IAMUser,FederationLogin,crypto-miner-role,47,False,136.68.55.197,analytics,low,corr-3f07a822e8164a9d
sess-11a432bf44d74abf,2024-06-19T13:27:33Z,arn:aws:iam::123456789012:user/dev-3,LambdaExecutionRole,FederationLogin,ci-runner-role,301,False,77.110.15.205,staging,low,corr-62d8bbcb0b6d489c
sess-c825f8f66c1a43f6,2024-06-20T12:25:04Z,arn:aws:sts::123456789012:assumed-role/analytics-role/session-3,ServiceAccount,AssumeRole,lambda-exec-role,430,False,54.28.140.23,cicd,low,corr-7881228a2af1455b
sess-a80ada1f6a564997,2024-06-22T01:59:25Z,arn:aws:iam::123456789012:role/ci-runner-1,AssumedRole,FederationLogin,analytics-role,68,False,136.121.227.71,monitoring,medium,corr-d430c8e117bf48f8
sess-ce236364c88c4e6b,2024-06-22T13:13:15Z,arn:aws:iam::123456789012:user/dev-4,ServiceAccount,ServiceAccountTokenCreated,debug-role,392,False,96.24.76.90,production,medium,corr-19a2ddc142774386
sess-1231284f5ee940f2,2024-06-20T21:42:15Z,arn:aws:iam::123456789012:user/dev-1,OIDCFederated,AssumeRole,lambda-exec-role,45,True,133.220.202.185,monitoring,medium,corr-5b25bdca9bb44e47
sess-4863aefdef404be8,2024-06-23T10:09:36Z,arn:aws:iam::123456789012:user/dev-14,LambdaExecutionRole,FederationLogin,lambda-exec-role,80,False,4.107.214.3,production,low,corr-63da1e3959b245d6
sess-e42cbf0bd79941d8,2024-06-21T17:48:53Z,arn:aws:iam::123456789012:user/dev-5,IAMUser,ServiceAccountTokenCreated,deploy-role,127,False,121.136.64.177,monitoring,low,corr-dd269da4ea0f4555
sess-4186ad8592114378,2024-06-02T17:57:52Z,arn:aws:iam::123456789012:role/ci-runner-7,AssumedRole,TokenIssued,readonly-role,68,False,120.198.48.226,cicd,medium,corr-a4cd781af7404d9d
sess-8c30589ad45c4d12,2024-06-28T14:53:48Z,arn:aws:sts::123456789012:assumed-role/analytics-role/session-2,IAMUser,AssumeRole,audit-role,73,False,75.18.164.209,cicd,medium,corr-02ceea81320240c8
sess-df5f26f895674eba,2024-06-30T14:28:50Z,arn:aws:iam::123456789012:role/ci-runner-1,AssumedRole,FederationLogin,cross-account-role,138,False,94.51.244.224,dev,low,corr-3d52172afa2b41cc
sess-74c687f137e941c2,2024-06-22T16:18:31Z,arn:aws:iam::123456789012:role/ci-runner-4,AssumedRole,ServiceAccountTokenCreated,ci-runner-role,137,False,21.123.140.148,analytics,low,corr-149224de57ae47ab
sess-42bf97e8b7584f3d,2024-06-07T10:48:15Z,arn:aws:iam::123456789012:role/ci-runner-6,AssumedRole,AssumeRole,crypto-miner-role,449,False,9.48.38.21,production,low,corr-628184df32914780
sess-d4764bf44590419b,2024-06-22T17:28:29Z,arn:aws:iam::123456789012:user/dev-8,OIDCFederated,AssumeRole,ci-runner-role,64,True,151.117.129.72,monitoring,low,corr-46d90a68d8994652
sess-a7392b750c594d89,2024-06-13T14:47:45Z,arn:aws:iam::123456789012:user/dev-10,ServiceAccount,AssumeRole,readonly-role,169,False,58.202.19.100,dev,low,corr-33d553b64d014c05
sess-2bc52633738a4caf,2024-06-06T12:47:32Z,arn:aws:iam::123456789012:role/ci-runner-5,ServiceAccount,AssumeRole,lambda-exec-role,147,False,149.165.70.190,monitoring,low,corr-7d05634b93574da7
sess-aad4585921ca4b15,2024-06-26T17:04:52Z,arn:aws:iam::123456789012:role/ci-runner-3,AssumedRole,FederationLogin,deploy-role,54,False,31.99.210.43,analytics,low,corr-349b64b7351a4773
sess-9dd4a02514c04927,2024-06-07T09:37:19Z,arn:aws:sts::123456789012:assumed-role/analytics-role/session-5,OIDCFederated,ServiceAccountTokenCreated,analytics-role,430,True,59.124.141.202,staging,high,corr-daa26242909f47fe
sess-eafbb02fc29d4b52,2024-06-04T13:19:13Z,arn:aws:sts::123456789012:assumed-role/analytics-role/session-1,OIDCFederated,TokenIssued,ci-runner-role,160,True,93.124.0.225,staging,low,corr-4cdcb2881bcd4595
sess-097eb5e91b5c4876,2024-06-15T10:55:03Z,arn:aws:iam::123456789012:user/dev-11,OIDCFederated,FederationLogin,ci-runner-role,459,True,123.94.29.158,staging,low,corr-bf8fb07b70e6468e
sess-fd6c896cb5e64f58,2024-06-10T16:01:22Z,arn:aws:iam::123456789012:role/ci-runner-4,AssumedRole,ServiceAccountTokenCreated,lambda-exec-role,146,False,241.41.133.98,cicd,low,corr-895243adc203472d
sess-43168e25b1b243a5,2024-06-15T17:45:05Z,arn:aws:sts::123456789012:assumed-role/analytics-role/session-4,OIDCFederated,FederationLogin,deploy-role,228,True,134.73.100.192,monitoring,medium,corr-7e100ed7fd6e40ba
sess-076cac04161e4ef6,2024-06-14T17:27:21Z,arn:aws:iam::123456789012:user/dev-11,OIDCFederated,AssumeRole,lambda-exec-role,132,True,156.197.183.171,dev,low,corr-b326d3999303424f
sess-2761f25764f8421c,2024-06-12T09:25:13Z,arn:aws:iam::123456789012:user/dev-4,OIDCFederated,FederationLogin,lambda-exec-role,167,True,210.166.163.130,staging,high,corr-cbb811ec35514aed
sess-08f8870d69a44617,2024-06-14T09:58:32Z,arn:aws:iam::123456789012:role/ci-runner-4,OIDCFederated,ServiceAccountTokenCreated,lambda-exec-role,138,True,190.191.1.124,staging,low,corr-7659bce28a684412
sess-074b37b5e6a44a6d,2024-06-19T17:23:43Z,arn:aws:iam::123456789012:user/dev-6,OIDCFederated,ServiceAccountTokenCreated,audit-role,254,True,192.105.154.58,production,low,corr-d01b72da24fc4264
sess-15daade1e62d46a1,2024-06-24T09:38:26Z,arn:aws:iam::123456789012:role/ci-runner-7,LambdaExecutionRole,ServiceAccountTokenCreated,lambda-exec-role,76,False,222.252.38.166,staging,low,corr-d55238e97c38449a
sess-8d8603f4ee2e481d,2024-06-27T14:06:51Z,arn:aws:sts::123456789012:assumed-role/analytics-role/session-1,ServiceAccount,ServiceAccountTokenCreated,s3-admin-role,87,False,23.0.118.136,monitoring,low,corr-f4aeb8714ea64de3
sess-d3537f8e63404bb2,2024-06-18T16:55:10Z,arn:aws:iam::123456789012:user/dev-11,IAMUser,FederationLogin,ci-runner-role,127,False,35.175.124.124,production,medium,corr-655bbca97fa84cd0
sess-238ae2c4e5184889,2024-06-03T09:39:15Z,arn:aws:iam::123456789012:role/ci-runner-4,AssumedRole,ServiceAccountTokenCreated,analytics-role,67,False,225.192.38.23,staging,high,corr-8c61a44b14d94067
sess-ccf8bab2656f475d,2024-06-10T11:53:18Z,arn:aws:sts::123456789012:assumed-role/analytics-role/session-2,AssumedRole,ServiceAccountTokenCreated,analytics-role,385,False,81.106.36.176,cicd,low,corr-82813f70f1944fd6
sess-44386e10c5b14f7e,2024-06-24T15:23:12Z,arn:aws:iam::123456789012:role/ci-runner-2,IAMUser,FederationLogin,s3-admin-role,159,False,87.58.230.175,staging,low,corr-fa1cc2718b9b4458
sess-cdf7ed66f4b34f78,2024-06-13T12:10:25Z,arn:aws:iam::123456789012:user/dev-1,LambdaExecutionRole,TokenIssued,ci-runner-role,240,False,71.30.92.175,dev,medium,corr-2d05259e718143b6
sess-dca51cb63e644bd3,2024-06-05T17:11:52Z,arn:aws:iam::123456789012:user/dev-8,OIDCFederated,FederationLogin,analytics-role,37,True,132.246.6.239,dev,medium,corr-32afbddbb4824105
sess-7a9a036048604eb2,2024-06-03T12:38:24Z,arn:aws:iam::123456789012:user/dev-4,OIDCFederated,FederationLogin,s3-admin-role,240,True,218.187.47.231,analytics,high,corr-a652043eab884e6a
sess-fbef5ab066864db7,2024-06-19T17:04:51Z,arn:aws:iam::123456789012:role/ci-runner-2,OIDCFederated,TokenIssued,deploy-role,96,True,157.134.107.164,analytics,low,corr-45f6170f932343d5
sess-445fc80f3e724c57,2024-06-17T17:39:34Z,arn:aws:iam::123456789012:user/dev-6,LambdaExecutionRole,AssumeRole,lambda-exec-role,240,False,182.22.65.139,cicd,low,corr-02919e4eca9e41d4
sess-c2230b40c62848f9,2024-06-22T15:56:11Z,arn:aws:iam::123456789012:user/dev-2,OIDCFederated,FederationLogin,lambda-exec-role,43,True,107.36.235.50,production,low,corr-8c13a3b4fe8946a7
sess-f3d2d8c561f44c2d,2024-06-16T17:26:58Z,arn:aws:iam::123456789012:user/dev-12,LambdaExecutionRole,ServiceAccountTokenCreated,s3-admin-role,70,False,119.13.97.156,production,low,corr-13beef53d3514fa9
sess-4a8050fe493b4773,2024-06-13T22:25:09Z,arn:aws:iam::123456789012:role/ci-runner-3,OIDCFederated,AssumeRole,readonly-role,66,True,121.150.192.228,production,medium,corr-40431cedfe4545f5
sess-5c35b18f3d1948af,2024-06-03T15:49:35Z,arn:aws:iam::123456789012:role/ci-runner-7,LambdaExecutionRole,ServiceAccountTokenCreated,cross-account-role,75,False,11.253.18.248,dev,medium,corr-bb58823a54004d79
sess-8b2410cc1f994aaf,2024-06-02T14:21:32Z,arn:aws:iam::123456789012:user/dev-3,ServiceAccount,AssumeRole,lambda-exec-role,74,False,250.30.51.174,analytics,low,corr-e8d1b87d5cec4ebc
sess-429cf6c00ef64769,2024-06-07T15:48:02Z,arn:aws:iam::123456789012:role/ci-runner-3,OIDCFederated,AssumeRole,ci-runner-role,38,True,163.53.159.3,monitoring,high,corr-2ea5fb344cdc4740
sess-1ed0e0609e374cde,2024-06-13T15:44:11Z,arn:aws:iam::123456789012:user/dev-1,LambdaExecutionRole,FederationLogin,cross-account-role,188,False,233.132.89.190,dev,low,corr-7cdfcb78486d449e
sess-8bec2d6961024b13,2024-06-29T13:09:18Z,arn:aws:iam::123456789012:role/ci-runner-4,AssumedRole,ServiceAccountTokenCreated,analytics-role,110,False,30.59.77.7,staging,low,corr-4e7e4ced40784e25
sess-46cd4111e1724856,2024-06-23T15:20:05Z,arn:aws:iam::123456789012:user/dev-6,LambdaExecutionRole,ServiceAccountTokenCreated,analytics-role,36,False,172.1.158.80,monitoring,low,corr-196eb0ebbad344f5
sess-6d4cca84fe554986,2024-06-04T17:59:39Z,arn:aws:iam::123456789012:role/ci-runner-3,ServiceAccount,TokenIssued,ci-runner-role,403,False,45.154.250.55,dev,low,corr-cdb1ef3cacc943c0
sess-90c2ef865879481b,2024-06-17T01:55:15Z,arn:aws:sts::123456789012:assumed-role/analytics-role/session-5,OIDCFederated,TokenIssued,crypto-miner-role,79,True,22.61.199.100,cicd,high,corr-a0ebb45c437244b5
sess-fbfb4ba420c24ad8,2024-06-14T16:10:40Z,arn:aws:iam::123456789012:user/dev-6,IAMUser,ServiceAccountTokenCreated,cross-account-role,115,False,252.142.209.63,staging,medium,corr-3492fdddda2e4021
sess-052b244639414e26,2024-06-03T14:23:06Z,arn:aws:iam::123456789012:role/ci-runner-7,IAMUser,AssumeRole,readonly-role,78,False,244.87.205.204,dev,medium,corr-5621f84cedc7493a
sess-8630d207de1241b0,2024-06-09T17:25:13Z,arn:aws:iam::123456789012:user/dev-2,OIDCFederated,TokenIssued,crypto-miner-role,20,True,175.63.107.137,staging,low,corr-329691c244724737
sess-6d4c48ce677a4d2c,2024-06-26T14:08:00Z,arn:aws:iam::123456789012:role/ci-runner-2,IAMUser,FederationLogin,analytics-role,186,False,245.145.35.14,analytics,medium,corr-2c2e265d561d4c6c
sess-d27f81572b9943ee,2024-06-20T12:24:49Z,arn:aws:sts::123456789012:assumed-role/analytics-role/session-2,OIDCFederated,TokenIssued,lambda-exec-role,226,True,24.17.0.14,production,low,corr-9906b41eb6cd4934
sess-0738918a8cc64c9a,2024-06-24T00:11:49Z,arn:aws:iam::123456789012:user/dev-14,IAMUser,TokenIssued,cross-account-role,77,False,173.47.86.29,cicd,medium,corr-afe91817153b4a7f
sess-7d9a826dfc9b4ff2,2024-06-07T15:42:43Z,arn:aws:iam::123456789012:user/dev-1,LambdaExecutionRole,TokenIssued,readonly-role,210,False,202.226.246.140,staging,high,corr-140bb66e53b3412f
sess-36c490bf21de4f8f,2024-06-01T10:19:27Z,arn:aws:iam::123456789012:user/dev-6,ServiceAccount,TokenIssued,lambda-exec-role,53,False,22.250.184.77,production,medium,corr-27214dbc18034568
sess-4fd3dbb5d0be4012,2024-06-18T16:06:40Z,arn:aws:sts::123456789012:assumed-role/analytics-role/session-4,OIDCFederated,ServiceAccountTokenCreated,deploy-role,233,True,53.101.5.233,monitoring,medium,corr-3bed01ccad6c4ad9
sess-6e2a9431b9354f58,2024-06-15T12:42:18Z,arn:aws:iam::123456789012:user/dev-5,ServiceAccount,AssumeRole,analytics-role,99,False,27.44.199.1,analytics,low,corr-5f395d542bba4987
sess-4132615c94a8454b,2024-06-21T09:20:53Z,arn:aws:iam::123456789012:user/dev-4,LambdaExecutionRole,AssumeRole,readonly-role,259,False,93.215.146.103,production,medium,corr-31dc0fb6b20142ed
sess-9e057372c10c4ec6,2024-06-12T12:28:32Z,arn:aws:iam::123456789012:user/dev-10,ServiceAccount,ServiceAccountTokenCreated,debug-role,370,False,95.189.165.208,dev,medium,corr-fca00041bd1c42e2
sess-f01c8b363b1f47c7,2024-06-09T02:02:34Z,arn:aws:iam::123456789012:user/dev-2,AssumedRole,FederationLogin,crypto-miner-role,74,False,37.140.40.79,dev,high,corr-e0bb6d28c2834862
sess-3c5122bb75e34f5e,2024-06-14T11:36:15Z,arn:aws:iam::123456789012:user/dev-11,AssumedRole,TokenIssued,deploy-role,337,False,110.185.104.68,monitoring,low,corr-067de76309194cd9
sess-b59b4add3c084866,2024-06-15T11:53:26Z,arn:aws:iam::123456789012:role/ci-runner-2,AssumedRole,FederationLogin,deploy-role,119,False,28.96.229.254,production,high,corr-e99b96dbe9944a75
